chime_event_id,name,ra_frb,dec_frb,b_err,a_err,gal_b,gal_l,DM_YT20,DM_NE2001,theta,tags,frb_survey,DM,include,locnote,hgnote,desi_cutout,tau_NE2001_600,primary_id,primary_ra,primary_dec,primary_P_Ox,primary_z_phot_median,primary_z_phot_l95,primary_z_phot_u95,primary_z_spec,secondary_ra,secondary_dec,secondary_P_Ox,secondary_z_phot_median,secondary_z_phot_l95,secondary_z_phot_u95,secondary_z_spec,primary_mag,flux,flux_err,fluence,fluence_err
335002503,FRB20231110B,171.6167903,35.8067028,0.0005555555556,0.008815284496,69.96925993428229,182.00947853407675,29.85959321280916,20.5907,9.067814426,CHIME-KKO,CHIME/FRB,726.6605835,yes,,,https://www.legacysurvey.org/viewer%20dr9%20photo%20z?ra=171.616790344326&dec=35.8067027998352&layer=ls-dr9&zoom=15&sga-parent&photoz-dr9&targets-dr9-main-dark&targets-dr9-main-bright&targets-dr9-main-sec-dark&targets-dr9-main-sec-bright,0.0003175925925925926,DECaL 9907733628324412,171.618790548238,35.8198109765005,0.337556005363045,0.0,0.0,0.0,0.0,171.614790065479,35.8057409052875,0.226610738514179,0.0,0.0,0.0,0.0,22.359566,,,,
348570237,FRB20231230B,355.7728184,78.08919367,0.0005555555556,0.004584884463,15.699409803345583,119.32044040061088,38.051108198593056,90.14,6.537953311,CHIME-KKO,CHIME/FRB,476.7572632,yes,,,https://www.legacysurvey.org/viewer%20dr9%20photo%20z?ra=355.772818402066&dec=78.0891936668134&layer=ls-dr9&zoom=15&sga-parent&photoz-dr9&targets-dr9-main-dark&targets-dr9-main-bright&targets-dr9-main-sec-dark&targets-dr9-main-sec-bright,0.007540123456790124,Pan-STARRS 201713557741821895,355.77402784,78.09258301,0.827038911121811,-1.0,-1.0,-1.0,-1.0,355.80126595,78.09415343,0.000388770261526622,-1.0,-1.0,-1.0,-1.0,21.2481994628906,,,,
325140573,FRB20231005A,246.0280041,35.44871213,0.0005555555556,0.003164149154,44.35315364395239,57.16529628606872,39.13591688835564,33.4704,10.48241692,CHIME-KKO,CHIME/FRB,188.8427887,yes,,,https://www.legacysurvey.org/viewer%20dr9%20photo%20z?ra=246.0280040755&dec=35.4487121287435&layer=ls-dr9&zoom=15&sga-parent&photoz-dr9&targets-dr9-main-dark&targets-dr9-main-bright&targets-dr9-main-sec-dark&targets-dr9-main-sec-bright,0.0009305555555555558,DECaL 9907733567310903,246.027571915643,35.4469885451962,0.98462411658151,0.0,0.0,0.0,0.0713,246.02618282296,35.4458832751524,0.00520474503713872,0.0,0.0,0.0,0.0,17.81934,221.19,22.13,60.02,6.05
331641308,FRB20231028B,151.3618498,54.37889347,0.0005555555556,0.00312481346,49.367115567841346,159.273629088741,29.989064357516384,37.0543,9.096674265,CHIME-KKO,CHIME/FRB,333.61,yes,,,https://www.legacysurvey.org/viewer%20dr9%20photo%20z?ra=151.361849816323&dec=54.3788934719693&layer=ls-dr9&zoom=15&sga-parent&photoz-dr9&targets-dr9-main-dark&targets-dr9-main-bright&targets-dr9-main-sec-dark&targets-dr9-main-sec-bright,0.0008294753086419755,DECaL 9907738613580404,151.360122456507,54.375921257718,0.890636624190209,0.0,0.0,0.0,0.0,151.358999122666,54.3815323577123,0.020092179387924,0.0,0.0,0.0,0.0,21.345608,,,,
326033351,FRB20231009A,211.7568915,17.2114115,0.0005555555556,0.01418941431,69.92373162458145,7.254290669543598,35.53684789254058,22.3789,8.043600524,CHIME-KKO,CHIME/FRB,391.0299072,yes,,,https://www.legacysurvey.org/viewer%20dr9%20photo%20z?ra=211.756891493167&dec=17.2114115011551&layer=ls-dr9&zoom=15&sga-parent&photoz-dr9&targets-dr9-main-dark&targets-dr9-main-bright&targets-dr9-main-sec-dark&targets-dr9-main-sec-bright,0.0003908950617283951,DECaL 10995566290930268,211.756462375527,17.2117608862248,0.227384672011562,0.534227,0.3346645,1.0103266,-99.0,211.75339493132,17.1921351779477,0.192708650368292,0.61452854,0.5135524,0.70418847,-99.0,23.170471,,,,
347265274,FRB20231224B,172.9701579,82.8727228,0.0005555555556,0.004822911436,33.80016874738844,125.84356528059622,32.22395562116364,45.9789,2.579304354,CHIME-KKO,CHIME/FRB,373.2374573,yes,,,https://www.legacysurvey.org/viewer%20dr9%20photo%20z?ra=172.970157873465&dec=82.8727228034082&layer=ls-dr9&zoom=15&sga-parent&photoz-dr9&targets-dr9-main-dark&targets-dr9-main-bright&targets-dr9-main-sec-dark&targets-dr9-main-sec-bright,0.001508487654320988,DECaL 9907742493312259,172.961155443349,82.8700625797073,0.606815504247218,0.0,0.0,0.0,0.0,172.981002393869,82.8817222406003,0.0934663592596847,0.0,0.0,0.0,0.0,20.844772,,,,
308358106,FRB20230805A,36.01767309,52.69548717,0.0005555555556,0.007336941912,-7.655426581662805,136.84714130014154,39.00186662266452,152.0127,10.36014116,CHIME-KKO,CHIME/FRB,638.506958,yes,,,https://www.legacysurvey.org/viewer%20dr9%20photo%20z?ra=36.0176730936336&dec=52.6954871662412&layer=ls-dr9&zoom=15&sga-parent&photoz-dr9&targets-dr9-main-dark&targets-dr9-main-bright&targets-dr9-main-sec-dark&targets-dr9-main-sec-bright,0.05247685185185186,Pan-STARRS 171220360141353770,36.01389362,52.68584749,0.240326105585307,-1.0,-1.0,-1.0,-1.0,36.01467045,52.68565011,0.191276784941205,-1.0,-1.0,-1.0,-1.0,20.8894996643066,,,,
342256558,FRB20231204A,207.9990337,48.11599668,0.0005555555556,0.007262190243,65.92814648713247,97.62374667675147,32.003043283128434,29.8287,9.486635972,CHIME-KKO,CHIME/FRB,222.0,yes,,Repeater of FRB 20190303A associated with a galaxy merger,https://www.legacysurvey.org/viewer%20dr9%20photo%20z?ra=207.999033710675&dec=48.11599668345&layer=ls-dr9&zoom=15&sga-parent&photoz-dr9&targets-dr9-main-dark&targets-dr9-main-bright&targets-dr9-main-sec-dark&targets-dr9-main-sec-bright,0.0005581790123456792,DECaL 9907737081938383,207.99940291617,48.120566174051,0.976179363187878,0.0,0.0,0.0,0.0644,207.996492040892,48.1247489898779,0.0186740383472166,0.0,0.0,0.0,0.0,15.397451,4.66,0.55,25.53,2.71
341979347,FRB20231203A,113.7260276,52.73416313,0.0005555555556,0.01709609835,27.676725203596394,165.1138109183315,31.214733805009814,59.1781,9.341371651,CHIME-KKO,CHIME/FRB,335.2262573,yes,,,https://www.legacysurvey.org/viewer%20dr9%20photo%20z?ra=113.726027567673&dec=52.734163130458&layer=ls-dr9&zoom=15&sga-parent&photoz-dr9&targets-dr9-main-dark&targets-dr9-main-bright&targets-dr9-main-sec-dark&targets-dr9-main-sec-bright,0.0023572530864197534,DECaL 9907738213879071,113.737208269768,52.7765025316653,0.250150818943066,0.0,0.0,0.0,0.0,113.728881925314,52.7478219231519,0.115817201314641,0.0,0.0,0.0,0.0,19.515425,,,,
344693725,FRB20231214A,143.5461092,6.368813788,0.0005555555556,0.003647345683,38.84406317038585,227.56087220621617,47.65620969749489,44.4591,5.119172858,CHIME-KKO,CHIME/FRB,243.8376923,yes,,,https://www.legacysurvey.org/viewer%20dr9%20photo%20z?ra=143.546109193017&dec=6.36881378793919&layer=ls-dr9&zoom=15&sga-parent&photoz-dr9&targets-dr9-main-dark&targets-dr9-main-bright&targets-dr9-main-sec-dark&targets-dr9-main-sec-bright,0.0012476851851851854,DECaL 10995500994009082,143.546533211041,6.37377583531293,0.77383687289636,0.040359028,0.013316682,0.10732755,-99.0,143.545402674052,6.37434653045787,0.0851225763113319,0.34023193,0.26654056,0.42916918,-99.0,19.530106,,,,
324962446,FRB20231005B,344.3805471,15.22387775,0.0005555555556,0.005212596537,-39.427592317575375,86.37244216974186,36.120468215562866,39.5428,8.084904991,CHIME-KKO,CHIME/FRB,640.9332275,yes,,,https://www.legacysurvey.org/viewer%20dr9%20photo%20z?ra=344.380547092994&dec=15.223877751007&layer=ls-dr9&zoom=15&sga-parent&photoz-dr9&targets-dr9-main-dark&targets-dr9-main-bright&targets-dr9-main-sec-dark&targets-dr9-main-sec-bright,0.0011080246913580249,DECaL 10995555219016922,344.380124099931,15.2221950050534,0.267427984007523,0.5829067,0.2044075,1.5766329,-99.0,344.381395542147,15.2188153157935,0.050080091698646,0.49925733,0.21378307,0.74406904,-99.0,23.100952,,,,
348285021,FRB20231229A,26.46782524,35.11291775,0.0005555555556,0.003174812364,-26.443351613340827,135.34490734266618,32.75255206112186,58.1803,10.05299881,CHIME-KKO,CHIME/FRB,198.54776,yes,,,https://www.legacysurvey.org/viewer%20dr9%20photo%20z?ra=26.4678252438447&dec=35.1129177472066&layer=ls-dr9&zoom=15&sga-parent&photoz-dr9&targets-dr9-main-dark&targets-dr9-main-bright&targets-dr9-main-sec-dark&targets-dr9-main-sec-bright,0.0024791666666666673,Pan-STARRS 150120264676039997,26.46776439,35.10782949,0.243441718055782,-1.0,-1.0,-1.0,-1.0,26.46517625,35.1112232,0.21522559277298,-1.0,-1.0,-1.0,-1.0,16.5158004760742,,,,
339589360,FRB20231128A,199.5782006,42.9927075,0.0005555555556,0.008303263977,73.22400427801314,105.68523472327594,31.323607981166074,25.0063,9.904935674,CHIME-KKO,CHIME/FRB,332.4,yes,,Potential PRS candidate; potential repeater of FRB20191106C,https://www.legacysurvey.org/viewer%20dr9%20photo%20z?ra=199.578200643526&dec=42.9927074964711&layer=ls-dr9&zoom=15&sga-parent&photoz-dr9&targets-dr9-main-dark&targets-dr9-main-bright&targets-dr9-main-sec-dark&targets-dr9-main-sec-bright,0.00043101851851851857,DECaL 9907735753852365,199.580129488901,42.9997130685679,0.984675201253371,0.0,0.0,0.0,0.1079,199.57488012743,42.9791717768237,0.00508418034210594,0.0,0.0,0.0,0.0,17.306005,2.77,0.32,67.68,6.87
348687097,FRB20231231A,342.4018705,16.42678143,0.0005555555556,0.003157903314,-37.366518667738845,85.21488493200783,36.801149504852546,41.0328,8.575732328,CHIME-KKO,CHIME/FRB,1247.494629,yes,,,https://www.legacysurvey.org/viewer%20dr9%20photo%20z?ra=342.401870467405&dec=16.4267814344415&layer=ls-dr9&zoom=15&sga-parent&photoz-dr9&targets-dr9-main-dark&targets-dr9-main-bright&targets-dr9-main-sec-dark&targets-dr9-main-sec-bright,0.0012145061728395063,DECaL 10995562478307700,342.402102212762,16.4302585475557,0.373450439705832,0.5405754,0.399876,0.64414626,-99.0,342.401353637122,16.4271072288279,0.283960441380901,0.97773767,0.7301529,1.263284,-99.0,22.179813,,,,
325515646,FRB20231007A,185.384974,79.8851437,0.0005555555556,0.006812817301,37.14758078329454,124.57434751770674,31.865686721268887,42.5354,4.24326327,CHIME-KKO,CHIME/FRB,819.666626,yes,,,https://www.legacysurvey.org/viewer%20dr9%20photo%20z?ra=185.384974005139&dec=79.885143700195&layer=ls-dr9&zoom=15&sga-parent&photoz-dr9&targets-dr9-main-dark&targets-dr9-main-bright&targets-dr9-main-sec-dark&targets-dr9-main-sec-bright,0.0012631172839506174,DECaL 9907742335175463,185.406965951731,79.8890966982606,0.873171635930977,0.0,0.0,0.0,0.0,185.384257192307,79.886261851224,0.0402462700484849,0.0,0.0,0.0,0.0,17.131136,,,,
347082860,FRB20231223C,259.5446492,29.49793687,0.0005555555556,0.003148474211,32.08016162404433,52.31072014041496,45.91327926465718,47.8659,9.717681959,CHIME-KKO,CHIME/FRB,179.5421753,yes,,,https://www.legacysurvey.org/viewer%20dr9%20photo%20z?ra=259.544649177547&dec=29.4979368707501&layer=ls-dr9&zoom=15&sga-parent&photoz-dr9&targets-dr9-main-dark&targets-dr9-main-bright&targets-dr9-main-sec-dark&targets-dr9-main-sec-bright,0.001963734567901235,DECaL 10995634357144446,259.544431723936,29.4958476959468,0.953419550835349,0.12277349,0.092667446,0.16632946,0.1059,259.543150414502,29.4950802406685,0.0175593651773831,0.025770672,0.007925394,0.09564842,-99.0,16.498093,68.07,6.81,287.17,28.75
343537552,FRB20231209A,180.9095146,50.07879183,0.0005555555556,0.006077783962,65.29402866260604,141.46871293586085,30.386717858777786,28.5564,9.610028269,CHIME-KKO,CHIME/FRB,1232.128418,yes,,,https://www.legacysurvey.org/viewer%20dr9%20photo%20z?ra=180.909514598069&dec=50.0787918314104&layer=ls-dr9&zoom=15&sga-parent&photoz-dr9&targets-dr9-main-dark&targets-dr9-main-bright&targets-dr9-main-sec-dark&targets-dr9-main-sec-bright,0.0005250771604938273,DECaL 9907737574180125,180.912151468267,50.0867486572797,0.504687474104478,0.0,0.0,0.0,0.0,180.909269498597,50.0729417072108,0.0833596304694346,0.0,0.0,0.0,0.0,19.592573,,,,
330976597,FRB20231025B,270.788071,63.989077,0.000556,0.007113,29.433995109148803,93.43323971732983,37.7310717342053,48.5887,9.952713,CHIME-KKO,CHIME/FRB,368.3849487,yes,,,https://www.legacysurvey.org/viewer%20dr9%20photo%20z?ra=270.788071&dec=63.989077&layer=ls-dr9&zoom=15&sga-parent&photoz-dr9&targets-dr9-main-dark&targets-dr9-main-bright&targets-dr9-main-sec-dark&targets-dr9-main-sec-bright,0.0018410493827160498,DECaL 9907740469102043,270.786050004485,63.9855680327795,0.9252945761548,0.0,0.0,0.0,0.3238,270.798141894239,64.0078341712766,0.00158285011682168,0.0,0.0,0.0,0.0,20.929941,5.97,0.64,5.23,0.61
330838705,FRB20231025C,71.977226,33.237985,0.000556,0.004295,-7.593428256775631,169.3317641136532,36.42560322371935,146.9557,9.228786,CHIME-KKO,CHIME/FRB,509.9159546,yes,,,https://www.legacysurvey.org/viewer%20dr9%20photo%20z?ra=71.977226&dec=33.237985&layer=ls-dr9&zoom=15&sga-parent&photoz-dr9&targets-dr9-main-dark&targets-dr9-main-bright&targets-dr9-main-sec-dark&targets-dr9-main-sec-bright,0.05022376543209878,Pan-STARRS 147880719743595797,71.97428476,33.23752738,0.947554488629043,-1.0,-1.0,-1.0,-2.0,71.97197379,33.24491539,1.96696268512742e-05,-1.0,-1.0,-1.0,-1.0,20.4139995574951,16.58,1.68,3.93,0.44
339069867,FRB20231126A,21.816031,89.288944,0.000556,0.016421,26.425812530362695,123.05553991131217,34.02425123342242,56.3883,-6.849878,CHIME-KKO,CHIME/FRB,673.2831421,yes,,,https://www.legacysurvey.org/viewer%20dr9%20photo%20z?ra=21.816031&dec=89.288944&layer=ls-dr9&zoom=15&sga-parent&photoz-dr9&targets-dr9-main-dark&targets-dr9-main-bright&targets-dr9-main-sec-dark&targets-dr9-main-sec-bright,0.0024367283950617285,Pan-STARRS 215110220483728025,22.0497093,89.2643107,0.122311087518575,-1.0,-1.0,-1.0,-1.0,21.49670717,89.3245861,0.0740104588219794,-1.0,-1.0,-1.0,-1.0,20.8386001586914,,,,
322840327,FRB20230928A,104.407554,60.572895,0.000556,0.003102,24.139928495878777,155.49329546130292,32.04253796540405,65.3927,7.425967,CHIME-KKO,CHIME/FRB,533.7577515,yes,,,https://www.legacysurvey.org/viewer%20dr9%20photo%20z?ra=104.407554&dec=60.572895&layer=ls-dr9&zoom=15&sga-parent&photoz-dr9&targets-dr9-main-dark&targets-dr9-main-bright&targets-dr9-main-sec-dark&targets-dr9-main-sec-bright,0.003070216049382717,DECaL 9907739830257617,104.408827049852,60.5741311513579,0.437755113492984,0.0,0.0,0.0,0.0,104.405504040933,60.5659088818571,0.26409945525298,0.0,0.0,0.0,0.0,23.331806,,,,
328261629,FRB20231017A,346.754287,36.652682,0.000556,0.003645,-21.651900737590765,100.60979893090294,39.15779087039692,64.5507,9.407498,CHIME-KKO,CHIME/FRB,344.1224976,yes,,,https://www.legacysurvey.org/viewer%20dr9%20photo%20z?ra=346.754287&dec=36.652682&layer=ls-dr9&zoom=15&sga-parent&photoz-dr9&targets-dr9-main-dark&targets-dr9-main-bright&targets-dr9-main-sec-dark&targets-dr9-main-sec-bright,0.0035316358024691367,Pan-STARRS 151973467535638727,346.75331402,36.64844663,0.918164518122892,-1.0,-1.0,-1.0,0.245,346.74848156,36.63395844,3.81261955834066e-07,-1.0,-1.0,-1.0,-1.0,20.3647003173828,33.6,3.37,8.19,0.86
333031657,FRB20231102A,228.837416,56.799192,0.000556,0.004169,50.888537485189865,92.27209867376516,33.55264574243692,33.5923,9.845774,CHIME-KKO,CHIME/FRB,906.2027588,yes,,,https://www.legacysurvey.org/viewer%20dr9%20photo%20z?ra=228.837416&dec=56.799192&layer=ls-dr9&zoom=15&sga-parent&photoz-dr9&targets-dr9-main-dark&targets-dr9-main-bright&targets-dr9-main-sec-dark&targets-dr9-main-sec-bright,0.0007770061728395063,DECaL 9907739106609499,228.83582759691,56.7957931102883,0.35021079377912,0.0,0.0,0.0,0.0,228.837580026146,56.7896384603193,0.00131176500157017,0.0,0.0,0.0,0.0,22.917427,,,,
347027446,FRB20231223B,78.699512,48.754654,0.000556,0.023381,5.894704215604261,160.1415711274686,37.626424933473174,160.7711,8.808987,CHIME-KKO,CHIME/FRB,499.4022217,yes,,,https://www.legacysurvey.org/viewer%20dr9%20photo%20z?ra=78.699512&dec=48.754654&layer=ls-dr9&zoom=15&sga-parent&photoz-dr9&targets-dr9-main-dark&targets-dr9-main-bright&targets-dr9-main-sec-dark&targets-dr9-main-sec-bright,0.07487654320987656,Pan-STARRS 166460786900208765,78.69002693,48.72343317,0.260065475647142,-1.0,-1.0,-1.0,-1.0,78.7192153,48.81968942,0.00613319877983657,-1.0,-1.0,-1.0,-1.0,21.6347007751464,,,,
321977347,FRB20230926A,269.124876,41.814304,0.000556,0.00499,27.483988325774334,68.23528265660796,43.99948073846631,52.62,8.87811,CHIME-KKO,CHIME/FRB,222.8102264,yes,,,https://www.legacysurvey.org/viewer%20dr9%20photo%20z?ra=269.124876&dec=41.814304&layer=ls-dr9&zoom=15&sga-parent&photoz-dr9&targets-dr9-main-dark&targets-dr9-main-bright&targets-dr9-main-sec-dark&targets-dr9-main-sec-bright,0.002263888888888889,DECaL 9907735417918096,269.124186336877,41.8099992472618,0.995846999602502,0.0,0.0,0.0,0.0553,269.127482115693,41.8135899574552,0.00204639870899835,0.0,0.0,0.0,0.0,15.458912,26.78,2.78,28.41,3.08
347261948,FRB20231224A,131.459857,72.912788,0.000556,0.006281,34.12752302743399,141.09011968618123,31.158658710243174,47.204,9.712284,CHIME-KKO,CHIME/FRB,682.9881592,yes,,,https://www.legacysurvey.org/viewer%20dr9%20photo%20z?ra=131.459857&dec=72.912788&layer=ls-dr9&zoom=15&sga-parent&photoz-dr9&targets-dr9-main-dark&targets-dr9-main-bright&targets-dr9-main-sec-dark&targets-dr9-main-sec-bright,0.0015254629629629633,DECaL 0,131.815916666666,72.9856388888888,0.0815928563115562,0.0,0.0,0.0,0.0,131.454496467833,72.902108836085,0.0422156241971255,0.0,0.0,0.0,0.0,12.26,,,,
332593291,FRB20231101A,135.3942228,0.9417923608,0.0005555555556,0.004671102995,29.082961036970303,228.22978108417772,42.37123706467082,54.5352,6.406890419,CHIME-KKO,CHIME/FRB,412.057373,yes,,,https://www.legacysurvey.org/viewer%20dr9%20photo%20z?ra=135.394222783017&dec=0.941792360811069&layer=ls-dr9&zoom=15&sga-parent&photoz-dr9&targets-dr9-main-dark&targets-dr9-main-bright&targets-dr9-main-sec-dark&targets-dr9-main-sec-bright,0.002039351851851852,DECaL 10995469300798737,135.395738410403,0.946509414007523,0.394543109626764,0.4930638,0.20003,0.95256,-99.0,135.393982750199,0.948071117944335,0.121196344807893,0.33986354,0.19909409,0.5640407,-99.0,20.537485,,,,
333356311,FRB20231104B,135.1051605,46.33993496,0.0005555555556,0.009992610684,41.125427856423165,173.7507356143105,29.83483603736704,43.7367,9.24239229,CHIME-KKO,CHIME/FRB,382.9424438,yes,,,https://www.legacysurvey.org/viewer%20dr9%20photo%20z?ra=135.105160474006&dec=46.3399349607409&layer=ls-dr9&zoom=15&sga-parent&photoz-dr9&targets-dr9-main-dark&targets-dr9-main-bright&targets-dr9-main-sec-dark&targets-dr9-main-sec-bright,0.0011504629629629632,DECaL 9907736617878554,135.104608208649,46.338383874632,0.39177998125776,0.0,0.0,0.0,0.0,135.102630034668,46.3375866581711,0.221980470193441,0.0,0.0,0.0,0.0,21.94782,,,,
319829796,FRB20230918A,161.0507257,61.1208613,0.0005555555556,0.003226501762,49.86734778287654,146.1942401907306,30.289431267829002,36.0012,8.435019048,CHIME-KKO,CHIME/FRB,365.9587097,yes,,,https://www.legacysurvey.org/viewer%20dr9%20photo%20z?ra=161.050725715941&dec=61.1208613044406&layer=ls-dr9&zoom=15&sga-parent&photoz-dr9&targets-dr9-main-dark&targets-dr9-main-bright&targets-dr9-main-sec-dark&targets-dr9-main-sec-bright,0.0008016975308641977,DECaL 9907739976205609,161.055488870351,61.1254052896856,0.185319049562881,0.0,0.0,0.0,0.0,161.050107779667,61.1324987723283,0.000449698475517551,0.0,0.0,0.0,0.0,22.522541,,,,
338403209,FRB20231123A,82.6232485,4.475540697,0.0005555555556,0.004515251814,-15.742749926584564,199.30944205140392,33.12444524183002,89.7486,6.842796134,CHIME-KKO,CHIME/FRB,302.0675659,yes,,,https://www.legacysurvey.org/viewer%20dr9%20photo%20z?ra=82.6232485043855&dec=4.47554069667685&layer=ls-dr9&zoom=15&sga-parent&photoz-dr9&targets-dr9-main-dark&targets-dr9-main-bright&targets-dr9-main-sec-dark&targets-dr9-main-sec-bright,0.007084104938271606,Pan-STARRS 113360826227259720,82.62263245,4.47438422,0.955909515968446,-1.0,-1.0,-1.0,0.0729,82.62160756,4.47172376,0.0261723594285503,-1.0,-1.0,-1.0,-1.0,18.2943000793457,52.66,5.31,56.84,5.85
343770778,FRB20231210B,59.66792377,27.02745584,0.0005555555556,0.006292447091,-19.597527913315055,166.5130998669147,32.642539090055834,79.9395,9.162237232,CHIME-KKO,CHIME/FRB,505.8722229,yes,,,https://www.legacysurvey.org/viewer%20dr9%20photo%20z?ra=59.6679237718216&dec=27.0274558352899&layer=ls-dr9&zoom=15&sga-parent&photoz-dr9&targets-dr9-main-dark&targets-dr9-main-bright&targets-dr9-main-sec-dark&targets-dr9-main-sec-bright,0.004873456790123457,Pan-STARRS 140420596664782839,59.66643236,27.01850256,0.653125768724082,-1.0,-1.0,-1.0,-1.0,59.66658279,27.01666772,0.0728933168217332,-1.0,-1.0,-1.0,-1.0,21.2096004486084,,,,
347052803,FRB20231223A,206.9735194,16.32939662,0.0005555555556,0.005730543909,73.03988602767939,356.275746573854,16633.45823414187,22.9051,8.403755162,CHIME-KKO,CHIME/FRB,866.5740356,yes,,,https://www.legacysurvey.org/viewer%20dr9%20photo%20z?ra=206.973519423108&dec=16.3293966204971&layer=ls-dr9&zoom=15&sga-parent&photoz-dr9&targets-dr9-main-dark&targets-dr9-main-bright&targets-dr9-main-sec-dark&targets-dr9-main-sec-bright,0.0003972993827160495,DECaL 10995560482868819,206.973392228754,16.3269448268271,0.607621129823718,0.22493261,0.14123029,0.341888,-99.0,206.972462538256,16.3195526879262,0.219974739476483,0.36965334,0.27546495,0.44410047,-99.0,20.611647,,,,
328879027,FRB20231019A,19.10358084,20.62749783,0.0005555555556,0.008661762164,-41.86295539195405,130.7877205961546,31.01432757114938,39.947,8.213080787,CHIME-KKO,CHIME/FRB,246.67,yes,,,https://www.legacysurvey.org/viewer%20dr9%20photo%20z?ra=19.1035808351376&dec=20.6274978324551&layer=ls-dr9&zoom=15&sga-parent&photoz-dr9&targets-dr9-main-dark&targets-dr9-main-bright&targets-dr9-main-sec-dark&targets-dr9-main-sec-bright,0.0010339506172839508,DECaL 10995585552223031,19.105584108787,20.6339941767943,0.39209722347641,0.34677318,0.25171235,0.43944746,-99.0,19.1045354079014,20.6326990223295,0.280999534781731,0.47457403,0.12634666,0.93713945,-99.0,20.049685,,,,
343712196,FRB20231210A,13.13263568,16.30105027,0.0005555555556,0.01379573093,-46.56988824025422,123.31329186746355,31.184139448912447,36.7235,3.105943157,CHIME-KKO,CHIME/FRB,482.4185181,yes,,,https://www.legacysurvey.org/viewer%20dr9%20photo%20z?ra=13.1326356827094&dec=16.3010502671542&layer=ls-dr9&zoom=15&sga-parent&photoz-dr9&targets-dr9-main-dark&targets-dr9-main-bright&targets-dr9-main-sec-dark&targets-dr9-main-sec-bright,0.0008603395061728396,DECaL 10995559701677763,13.1320459876606,16.2951330650017,0.509419134655032,0.6360488,0.3751086,0.78048223,-99.0,13.1323872528826,16.2961818032741,0.129138193769018,0.6825461,0.31627893,2.6989293,-99.0,21.857872,,,,
347465543,FRB20231225A,135.6029696,33.91857165,0.0005555555556,0.0131964915,40.83676294952064,190.23227247589983,29.36254956480707,44.4973,9.869471881,CHIME-KKO,CHIME/FRB,646.5944824,yes,,,https://www.legacysurvey.org/viewer%20dr9%20photo%20z?ra=135.602969574722&dec=33.9185716484329&layer=ls-dr9&zoom=15&sga-parent&photoz-dr9&targets-dr9-main-dark&targets-dr9-main-bright&targets-dr9-main-sec-dark&targets-dr9-main-sec-bright,0.001170524691358025,DECaL 9907733077165827,135.601624039535,33.9146817452053,0.477909496655038,0.0,0.0,0.0,0.0,135.606216678255,33.9419751796856,0.0166216656068961,0.0,0.0,0.0,0.0,22.553701,,,,
347433921,FRB20231225B,54.87781005,-3.066187119,0.0005555555556,0.02069607903,-43.20755674805338,189.42894167580835,29.241703334811973,40.6501,5.871652414,CHIME-KKO,CHIME/FRB,227.6627197,yes,,,https://www.legacysurvey.org/viewer%20dr9%20photo%20z?ra=54.8778100503218&dec=-3.06618711921366&layer=ls-dr9&zoom=15&sga-parent&photoz-dr9&targets-dr9-main-dark&targets-dr9-main-bright&targets-dr9-main-sec-dark&targets-dr9-main-sec-bright,0.0009837962962962966,DECaL 10995444803964193,54.8823973073875,-3.02323402182311,0.812764921369739,0.054181106,0.03547067,0.07608288,-99.0,54.8758963262877,-3.07474738461775,0.062999384795272,0.20923147,0.10838161,0.28057703,-99.0,15.693186,,,,
329033047,FRB20231019B,216.531822,44.50831221,0.0005555555556,0.00422376441,64.28176771632798,81.64451161452534,33.23567568500859,30.1766,9.49540847,CHIME-KKO,CHIME/FRB,909.4377441,yes,,,https://www.legacysurvey.org/viewer%20dr9%20photo%20z?ra=216.531822035306&dec=44.5083122088528&layer=ls-dr9&zoom=15&sga-parent&photoz-dr9&targets-dr9-main-dark&targets-dr9-main-bright&targets-dr9-main-sec-dark&targets-dr9-main-sec-bright,0.0005786265432098767,DECaL 9907736167253793,216.530952669221,44.4976045175695,0.0696715906074521,0.0,0.0,0.0,0.0,216.535672928189,44.5058563351371,0.00230772817458676,0.0,0.0,0.0,0.0,22.612356,,,,
327479591,FRB20231014A,343.760402,54.49522031,0.0005555555556,0.005489662442,-4.613701265998765,106.47111746086321,48.03251096983706,217.1479,10.65719944,CHIME-KKO,CHIME/FRB,860.9128418,yes,,,https://www.legacysurvey.org/viewer%20dr9%20photo%20z?ra=343.760401969779&dec=54.4952203147881&layer=ls-dr9&zoom=15&sga-parent&photoz-dr9&targets-dr9-main-dark&targets-dr9-main-bright&targets-dr9-main-sec-dark&targets-dr9-main-sec-bright,0.14737654320987656,Pan-STARRS 173383437614223218,343.76139137,54.48549972,0.0344455470819441,-1.0,-1.0,-1.0,-1.0,343.76472574,54.51645576,0.00022514255496539,-1.0,-1.0,-1.0,-1.0,21.8358993530273,,,,
321375070,FRB20230923A,206.6141041,45.40800828,0.0005555555556,0.003837424038,68.68850643733089,95.59066148288152,31.969190301042037,28.2567,9.461044289,CHIME-KKO,CHIME/FRB,918.3339844,yes,,,https://www.legacysurvey.org/viewer%20dr9%20photo%20z?ra=206.614104126771&dec=45.408008284816&layer=ls-dr9&zoom=15&sga-parent&photoz-dr9&targets-dr9-main-dark&targets-dr9-main-bright&targets-dr9-main-sec-dark&targets-dr9-main-sec-bright,0.0005152777777777778,DECaL 9907736433134113,206.616112147546,45.4124216374,0.747104513365967,0.0,0.0,0.0,0.0,206.614105801987,45.4073386164507,0.241218970575651,0.0,0.0,0.0,0.0,21.10032,23.33,2.35,34.0,3.45
348537586,FRB20231230A,72.79761078,2.393975025,0.0005555555556,0.02864686397,-25.23869054921793,195.8701533747036,30.9417263927744,61.5756,6.56793619,CHIME-KKO,CHIME/FRB,131.4216309,yes,,,https://www.legacysurvey.org/viewer%20dr9%20photo%20z?ra=72.797610777701&dec=2.39397502476019&layer=ls-dr9&zoom=15&sga-parent&photoz-dr9&targets-dr9-main-dark&targets-dr9-main-bright&targets-dr9-main-sec-dark&targets-dr9-main-sec-bright,0.0026126543209876547,,,,,,,,,,,,,,,,,6.59,1.05,37.1,4.37
337105685,FRB20231118A,312.3918728,37.92352129,0.0005555555556,0.005724065407,-3.772790566740281,79.47293501626203,62.434803564521204,282.1691,10.07147379,CHIME-KKO,CHIME/FRB,473.1178894,yes,,,https://www.legacysurvey.org/viewer%20dr9%20photo%20z?ra=312.391872764167&dec=37.9235212912003&layer=ls-dr9&zoom=15&sga-parent&photoz-dr9&targets-dr9-main-dark&targets-dr9-main-bright&targets-dr9-main-sec-dark&targets-dr9-main-sec-bright,0.20462962962962966,Pan-STARRS 153483123862476859,312.38638335,37.905199,0.00047658519274796,-1.0,-1.0,-1.0,-1.0,312.38870907,37.89651444,5.89853054431788e-07,-1.0,-1.0,-1.0,-1.0,23.1054000854492,,,,
334942484,FRB20231110A,8.897104062,15.8371929,0.0005555555556,0.006395915718,-46.86277851998855,117.3524497199263,31.570190967484884,36.2559,8.337175404,CHIME-KKO,CHIME/FRB,448.05,yes,,,https://www.legacysurvey.org/viewer%20dr9%20photo%20z?ra=8.89710406241075&dec=15.8371929027172&layer=ls-dr9&zoom=15&sga-parent&photoz-dr9&targets-dr9-main-dark&targets-dr9-main-bright&targets-dr9-main-sec-dark&targets-dr9-main-sec-bright,0.0008464506172839507,DECaL 10995556776150268,8.8969363330357,15.8372603343462,0.405298159398183,0.74406743,0.61394435,0.9185321,-99.0,8.89761644523843,15.8407269235119,0.402983540301527,0.1712724,0.052092593,1.0656844,-99.0,22.276035,,,,
341758878,FRB20231202A,65.03038787,38.63327755,0.0005555555556,0.003663746899,-8.146169561007202,161.4881106217007,36.4872671056155,142.7244,9.048617578,CHIME-KKO,CHIME/FRB,437.1286011,yes,,,https://www.legacysurvey.org/viewer%20dr9%20photo%20z?ra=65.0303878741242&dec=38.6332775528582&layer=ls-dr9&zoom=15&sga-parent&photoz-dr9&targets-dr9-main-dark&targets-dr9-main-bright&targets-dr9-main-sec-dark&targets-dr9-main-sec-bright,0.04456018518518519,Pan-STARRS 154360650307570235,65.03060682,38.6328657,0.987769171021943,-1.0,-1.0,-1.0,-2.0,65.03435111,38.66706603,7.99263895676382e-19,-1.0,-1.0,-1.0,-1.0,22.7458000183105,31.1,3.14,33.82,3.47
329248428,FRB20231020A,76.12080603,72.07888585,0.0005555555556,0.01104741502,18.098181039035012,139.73641916524568,34.501810101631236,81.6927,11.03999986,CHIME-KKO,CHIME/FRB,267.2913818,yes,,,https://www.legacysurvey.org/viewer%20dr9%20photo%20z?ra=76.1208060266882&dec=72.0788858507593&layer=ls-dr9&zoom=15&sga-parent&photoz-dr9&targets-dr9-main-dark&targets-dr9-main-bright&targets-dr9-main-sec-dark&targets-dr9-main-sec-bright,0.005685185185185186,,,,,,,,,,,,,,,,,,,,
328495927,FRB20231018A,113.9525084,67.61564891,0.0005555555556,0.007005632321,29.132779900516724,148.26154588691796,31.48606855873129,54.656,12.94033471,CHIME-KKO,CHIME/FRB,546.6973267,yes,,,https://www.legacysurvey.org/viewer%20dr9%20photo%20z?ra=113.952508353952&dec=67.6156489079228&layer=ls-dr9&zoom=15&sga-parent&photoz-dr9&targets-dr9-main-dark&targets-dr9-main-bright&targets-dr9-main-sec-dark&targets-dr9-main-sec-bright,0.0020833333333333337,DECaL 9907740998042963,113.944598061569,67.6041592394697,0.679542202757172,0.0,0.0,0.0,0.0,113.951225559872,67.612363991018,0.274152718954275,0.0,0.0,0.0,0.0,18.48679,,,,
341477821,FRB20231201A,54.58929449,26.81767204,0.0005555555556,0.005631256977,-22.770232165518152,163.0405267920158,32.06917495802736,69.9521,0.5162121942,CHIME-KKO,CHIME/FRB,169.4328156,yes,,,https://www.legacysurvey.org/viewer%20dr9%20photo%20z?ra=54.5892944872743&dec=26.8176720423103&layer=ls-dr9&zoom=15&sga-parent&photoz-dr9&targets-dr9-main-dark&targets-dr9-main-bright&targets-dr9-main-sec-dark&targets-dr9-main-sec-bright,0.003483796296296297,Pan-STARRS 140170545876545920,54.58760125,26.81284828,0.911080581485557,-1.0,-1.0,-1.0,-2.0,54.58445839,26.81530353,0.00377503925133226,-1.0,-1.0,-1.0,-1.0,19.4293994903564,35.13,3.53,10.83,1.15
331618070,FRB20231028A,249.4659895,80.08290425,0.0005555555556,0.04223472351,32.244388246791,113.14354349162068,33.91324178470584,46.6629,9.732376673,CHIME-KKO,CHIME/FRB,585.9382935,yes,,,https://www.legacysurvey.org/viewer%20dr9%20photo%20z?ra=249.465989470138&dec=80.0829042533914&layer=ls-dr9&zoom=15&sga-parent&photoz-dr9&targets-dr9-main-dark&targets-dr9-main-bright&targets-dr9-main-sec-dark&targets-dr9-main-sec-bright,0.0016126543209876547,DECaL 9907742338187413,249.487075545242,80.1093571079884,0.222858678145804,0.0,0.0,0.0,0.0,249.39967282332,80.0138311575611,0.12568904223003,0.0,0.0,0.0,0.0,20.278467,,,,
347419602,FRB20231225C,211.7214397,74.44913311,0.0005555555556,0.03050401175,41.688386928244675,116.26705211351445,32.07684303364197,38.5852,6.572278661,CHIME-KKO,CHIME/FRB,515.5772095,yes,,,https://www.legacysurvey.org/viewer%20dr9%20photo%20z?ra=211.721439743154&dec=74.4491331124115&layer=ls-dr9&zoom=15&sga-parent&photoz-dr9&targets-dr9-main-dark&targets-dr9-main-bright&targets-dr9-main-sec-dark&targets-dr9-main-sec-bright,0.0010216049382716051,,,,,,,,,,,,,,,,,,,,
317888392,FRB20230911A,49.64796886,2.667129283,0.0005555555556,0.00314629452,-43.69013150141313,178.75498429923198,29.504605568496345,41.0671,6.671559467,CHIME-KKO,CHIME/FRB,351.4012451,yes,,,https://www.legacysurvey.org/viewer%20dr9%20photo%20z?ra=49.6479688620302&dec=2.66712928306811&layer=ls-dr9&zoom=15&sga-parent&photoz-dr9&targets-dr9-main-dark&targets-dr9-main-bright&targets-dr9-main-sec-dark&targets-dr9-main-sec-bright,0.0009915123456790125,DECaL 10995479510781045,49.6482604294004,2.66788081484378,0.687366312814312,0.43126088,0.29338712,0.55086035,-99.0,49.6486214803396,2.66912790108627,0.16537182873179,0.5030184,0.29582,0.7941859,-99.0,21.627531,,,,
326456063,FRB20231011A,18.2411005,41.74909795,0.0005555555556,0.003193388357,-20.942985636399058,127.22869984120946,35.02813768454709,70.3502,13.73469531,CHIME-KKO,CHIME/FRB,186.4165344,yes,,,https://www.legacysurvey.org/viewer%20dr9%20photo%20z?ra=18.2411005031846&dec=41.7490979473684&layer=ls-dr9&zoom=15&sga-parent&photoz-dr9&targets-dr9-main-dark&targets-dr9-main-bright&targets-dr9-main-sec-dark&targets-dr9-main-sec-bright,0.003979166666666667,Pan-STARRS 158090182417819186,18.24170617,41.74899511,0.991332668158406,-1.0,-1.0,-1.0,0.0783,18.24179007,41.76653604,3.12330330952086e-08,-1.0,-1.0,-1.0,-1.0,17.9237003326416,129.53,12.96,58.32,5.86
283032006,FRB20230414B,11.105806,51.813676,0.000556,0.003642,-11.043027491417847,121.82741948470998,39.704921996954006,122.8384,10.416676,CHIME-KKO,CHIME/FRB,433.8935852,yes,,,https://www.legacysurvey.org/viewer%20dr9%20photo%20z?ra=11.105806&dec=51.813676&layer=ls-dr9&zoom=15&sga-parent&photoz-dr9&targets-dr9-main-dark&targets-dr9-main-bright&targets-dr9-main-sec-dark&targets-dr9-main-sec-bright,0.019575617283950623,Pan-STARRS 170170111139029291,11.11388558,51.81550367,0.000607639254380677,-1.0,-1.0,-1.0,-1.0,11.11747178,51.84377563,1.99450638258773e-15,-1.0,-1.0,-1.0,-1.0,21.6888999938964,,,,
275629567,FRB20230311A,91.109662,55.945953,0.000556,0.004372,16.039470192097202,157.71337422755752,33.86409549579503,92.4559,9.675111,CHIME-KKO,CHIME/FRB,364.341217,yes,,,https://www.legacysurvey.org/viewer%20dr9%20photo%20z?ra=91.109662&dec=55.945953&layer=ls-dr9&zoom=15&sga-parent&photoz-dr9&targets-dr9-main-dark&targets-dr9-main-bright&targets-dr9-main-sec-dark&targets-dr9-main-sec-bright,0.007993827160493829,DECaL 9907738929007371,91.1104487435443,55.944897871709,0.773593560666784,0.0,0.0,0.0,0.0,91.1080551030214,55.9466668108695,0.184784774089997,0.0,0.0,0.0,0.0,19.37691,9.47,0.97,12.18,1.29
318361859,FRB20230913A,131.903753,87.995112,0.000556,0.003385,28.08758706434785,124.91866192437172,33.40925171206736,53.6342,-6.166066,CHIME-KKO,CHIME/FRB,251.1164246,yes,,,https://www.legacysurvey.org/viewer%20dr9%20photo%20z?ra=131.903753&dec=87.995112&layer=ls-dr9&zoom=15&sga-parent&photoz-dr9&targets-dr9-main-dark&targets-dr9-main-bright&targets-dr9-main-sec-dark&targets-dr9-main-sec-bright,0.002158950617283951,Pan-STARRS 213571320663815844,132.05821886,87.97892732,4.31533122375392e-05,-1.0,-1.0,-1.0,-1.0,132.12999288,87.97940956,3.99980144194619e-09,-1.0,-1.0,-1.0,-1.0,19.5368003845214,,,,
281936786,FRB20230409A,148.548623,61.147849,0.000556,0.009167,44.96619794783443,151.38450714599995,30.256760337388982,39.0752,7.312842,CHIME-KKO,CHIME/FRB,408.822,yes,,,https://www.legacysurvey.org/viewer%20dr9%20photo%20z?ra=148.548623&dec=61.147849&layer=ls-dr9&zoom=15&sga-parent&photoz-dr9&targets-dr9-main-dark&targets-dr9-main-bright&targets-dr9-main-sec-dark&targets-dr9-main-sec-bright,0.0009552469135802471,DECaL 9907739974632179,148.550607605826,61.1555272075406,0.683662079543992,0.0,0.0,0.0,0.0,148.553714438614,61.1605954127861,0.118418455160587,0.0,0.0,0.0,0.0,20.481266,28.35,2.96,72.72,7.56
282988614,FRB20230414A,304.47601,84.899695,0.000556,0.003969,25.152644751918707,117.6932396998469,35.07394542904465,58.2786,6.007379,CHIME-KKO,CHIME/FRB,501.02,yes,,,https://www.legacysurvey.org/viewer%20dr9%20photo%20z?ra=304.47601&dec=84.899695&layer=ls-dr9&zoom=15&sga-parent&photoz-dr9&targets-dr9-main-dark&targets-dr9-main-bright&targets-dr9-main-sec-dark&targets-dr9-main-sec-bright,0.00267283950617284,Pan-STARRS 209893045145819992,304.51409972,84.91609462,0.0117625186899418,-1.0,-1.0,-1.0,-1.0,304.59341804,84.9089663,1.1371977517831e-08,-1.0,-1.0,-1.0,-1.0,19.4029006958007,,,,
313479875,FRB20230828A,22.287034,34.429645,0.000556,0.003468,-27.797989834332057,131.7171905880365,32.78476768430389,55.2383,10.180043,CHIME-KKO,CHIME/FRB,377.281,yes,,,https://www.legacysurvey.org/viewer%20dr9%20photo%20z?ra=22.287034&dec=34.429645&layer=ls-dr9&zoom=15&sga-parent&photoz-dr9&targets-dr9-main-dark&targets-dr9-main-bright&targets-dr9-main-sec-dark&targets-dr9-main-sec-bright,0.002229166666666667,DECaL 10995659176936948,22.2880254527527,34.4443298664522,1.10578250672054e-05,-99.0,-99.0,-99.0,-99.0,22.2874664891551,34.4464362426913,5.01681419062696e-08,-99.0,-99.0,-99.0,-99.0,21.292263,50.74,5.11,338.89,34.03
276387136,FRB20230314A,310.2887904,6.9556754,0.000556,0.003140776515,-20.59370621732008,52.67935153361636,55.13802889449846,75.3945,7.327115868,CHIME-KKO,CHIME/FRB,429.041,yes,,,https://www.legacysurvey.org/viewer%20dr9%20photo%20z?ra=310.2887904&dec=6.9556754&layer=ls-dr9&zoom=15&sga-parent&photoz-dr9&targets-dr9-main-dark&targets-dr9-main-bright&targets-dr9-main-sec-dark&targets-dr9-main-sec-bright,0.005283950617283951,DECaL 10995506192847601,310.28904925263,6.95451780184281,0.615225896813071,0.3541664,0.25111932,0.4423615,-99.0,310.288789917227,6.95352027843421,0.382624299303864,0.42534488,0.268856,0.65038085,-99.0,21.418196,,,,
282352003,FRB20230411A,280.057377,47.495064,0.000556,0.003304,21.44183719421765,76.4609548199024,45.04462803216389,63.9698,9.456615,CHIME-KKO,CHIME/FRB,551.162,yes,,,https://www.legacysurvey.org/viewer%20dr9%20photo%20z?ra=280.057377&dec=47.495064&layer=ls-dr9&zoom=15&sga-parent&photoz-dr9&targets-dr9-main-dark&targets-dr9-main-bright&targets-dr9-main-sec-dark&targets-dr9-main-sec-bright,0.0035547839506172843,DECaL 9907736967448205,280.057468710845,47.50183323452,0.0318651050188144,0.0,0.0,0.0,0.0,280.059355152487,47.5024987173859,0.0225568314083768,0.0,0.0,0.0,0.0,22.156307,,,,
307424887,FRB20230802A,339.2845,30.788721,0.000556,0.003818,-23.802901129333065,91.64980816197362,40.1344554581937,58.3797,9.047058,CHIME-KKO,CHIME/FRB,305.303,yes,,,https://www.legacysurvey.org/viewer%20dr9%20photo%20z?ra=339.2845&dec=30.788721&layer=ls-dr9&zoom=15&sga-parent&photoz-dr9&targets-dr9-main-dark&targets-dr9-main-bright&targets-dr9-main-sec-dark&targets-dr9-main-sec-bright,0.0028155864197530866,DECaL 10995641184424188,339.284917742235,30.7888379744623,0.382216136983964,0.7190217,0.54891485,1.0192375,-99.0,339.285407006845,30.7858689540758,0.300765412888079,0.25579867,0.12286697,0.75010556,-99.0,22.79373,,,,
300938875,FRB20230703A,184.624449,48.729933,0.000556,0.005593,67.47501757136324,137.209784720864,30.51594733085014,26.9276,9.727547,CHIME-KKO,CHIME/FRB,290.745,yes,,,https://www.legacysurvey.org/viewer%20dr9%20photo%20z?ra=184.624449&dec=48.729933&layer=ls-dr9&zoom=15&sga-parent&photoz-dr9&targets-dr9-main-dark&targets-dr9-main-bright&targets-dr9-main-sec-dark&targets-dr9-main-sec-bright,0.0004837962962962964,DECaL 9907737266488158,184.622791878904,48.7250340415453,0.973473298817832,0.0,0.0,0.0,0.1184,184.624340000552,48.7261076890325,0.0230215703567853,0.0,0.0,0.0,0.0,18.081713,9.36,0.97,8.45,0.93
306528286,FRB20230730A,54.664564,33.159296,0.000556,0.003393,-17.816449132123573,158.81664054389282,33.32835601051028,85.1562,9.909355,CHIME-KKO,CHIME/FRB,312.581,yes,,,https://www.legacysurvey.org/viewer%20dr9%20photo%20z?ra=54.664564&dec=33.159296&layer=ls-dr9&zoom=15&sga-parent&photoz-dr9&targets-dr9-main-dark&targets-dr9-main-bright&targets-dr9-main-sec-dark&targets-dr9-main-sec-bright,0.006094135802469137,Pan-STARRS 147790546649113381,54.6649046,33.16066432,0.951930573919901,-1.0,-1.0,-1.0,0.2115,54.65632594,33.14076205,2.25750101508312e-08,-1.0,-1.0,-1.0,-1.0,21.7745990753173,43.88,4.41,37.07,3.82
268786306,FRB20230203A,151.661594,35.694096,0.000556,0.004994,54.08703014189961,188.71254379168025,29.021503174932604,36.2627,10.148386,CHIME-KKO,CHIME/FRB,417.302,yes,,,https://www.legacysurvey.org/viewer%20dr9%20photo%20z?ra=151.661594&dec=35.694096&layer=ls-dr9&zoom=15&sga-parent&photoz-dr9&targets-dr9-main-dark&targets-dr9-main-bright&targets-dr9-main-sec-dark&targets-dr9-main-sec-bright,0.0007456790123456791,DECaL 9907733624065102,151.663819740414,35.6971497903181,0.938327373046383,0.0,0.0,0.0,0.1464,151.66276619081,35.69705429831,0.0296341092000253,0.0,0.0,0.0,0.0,17.921295,6.15,0.65,173.03,17.4
272350056,FRB20230222A,106.960358,11.224524,0.000556,0.005935,8.695736258575959,204.71637331558657,35.99663968745699,134.1985,7.575682,CHIME-KKO,CHIME/FRB,708.442,yes,,,https://www.legacysurvey.org/viewer%20dr9%20photo%20z?ra=106.960358&dec=11.224524&layer=ls-dr9&zoom=15&sga-parent&photoz-dr9&targets-dr9-main-dark&targets-dr9-main-bright&targets-dr9-main-sec-dark&targets-dr9-main-sec-bright,0.03319444444444445,,,,,,,,,,,,,,,,,4.47,0.47,129.17,12.97
300895079,FRB20230702A,132.124693,26.389497,0.000556,0.00424,36.328021839659094,198.85921595195893,29.812415843353392,49.132,8.421692,CHIME-KKO,CHIME/FRB,598.878,yes,,,https://www.legacysurvey.org/viewer%20dr9%20photo%20z?ra=132.124693&dec=26.389497&layer=ls-dr9&zoom=15&sga-parent&photoz-dr9&targets-dr9-main-dark&targets-dr9-main-bright&targets-dr9-main-sec-dark&targets-dr9-main-sec-bright,0.0014313271604938275,DECaL 10995617861993510,132.124696964453,26.3915264281323,0.538389807400125,0.45441437,0.2796111,0.6051226,-99.0,132.123430159578,26.3923637532358,0.181213821648483,0.49372852,0.33285463,0.601404,-99.0,22.279215,29.75,3.04,52.6,5.4
254837189,FRB20221209A,297.369563,59.406184,0.000556,0.003586,16.201762322505086,92.06190060140405,43.67835926022408,83.5395,7.033855,CHIME-KKO,CHIME/FRB,792.169,yes,,,https://www.legacysurvey.org/viewer%20dr9%20photo%20z?ra=297.369563&dec=59.406184&layer=ls-dr9&zoom=15&sga-parent&photoz-dr9&targets-dr9-main-dark&targets-dr9-main-bright&targets-dr9-main-sec-dark&targets-dr9-main-sec-bright,0.006635802469135804,DECaL 9907739666024603,297.369120395467,59.4048816713832,0.708969768162628,0.0,0.0,0.0,0.0,297.365916288707,59.4059490045114,0.162058299136552,0.0,0.0,0.0,0.0,21.524372,,,,
296843842,FRB20230616A,184.614579,28.356649,0.000556,0.00472,82.6017889314337,201.47104553036323,49.81640711377486,19.9497,8.603507,CHIME-KKO,CHIME/FRB,918.334,yes,,,https://www.legacysurvey.org/viewer%20dr9%20photo%20z?ra=184.614579&dec=28.356649&layer=ls-dr9&zoom=15&sga-parent&photoz-dr9&targets-dr9-main-dark&targets-dr9-main-bright&targets-dr9-main-sec-dark&targets-dr9-main-sec-bright,0.0002939814814814815,DECaL 10995627461707503,184.614291309873,28.3566737317008,0.230691383893069,0.57043374,0.28706875,0.6748881,-99.0,184.534374999999,28.1753888888888,0.0300411299884801,0.0,0.0,0.0,0.0,21.185976,,,,
304166930,FRB20230720A,4.454435,21.271245,0.000556,0.003793,-40.92154926233613,112.54653655383468,32.52344830957311,39.2814,8.261756,CHIME-KKO,CHIME/FRB,532.965,yes,,,https://www.legacysurvey.org/viewer%20dr9%20photo%20z?ra=4.454435&dec=21.271245&layer=ls-dr9&zoom=15&sga-parent&photoz-dr9&targets-dr9-main-dark&targets-dr9-main-bright&targets-dr9-main-sec-dark&targets-dr9-main-sec-bright,0.001047067901234568,DECaL 10995588319414814,4.45196895158598,21.2672581293817,0.375310150103362,0.20097828,0.11453555,0.33566263,-99.0,4.45546162455559,21.2770387919907,0.277120769407501,0.7067995,0.5104501,0.9474225,-99.0,20.411516,,,,
282159121,FRB20230410A,214.777446,25.457945,0.000556,0.006016,70.30370913936169,33.03568498650022,34.707223736361264,21.4844,9.191534,CHIME-KKO,CHIME/FRB,643.359,yes,,,https://www.legacysurvey.org/viewer%20dr9%20photo%20z?ra=214.777446&dec=25.457945&layer=ls-dr9&zoom=15&sga-parent&photoz-dr9&targets-dr9-main-dark&targets-dr9-main-bright&targets-dr9-main-sec-dark&targets-dr9-main-sec-bright,0.00036365740740740743,DECaL 10995612734459766,214.77658554409,25.4568464521638,0.717361313123301,0.12722437,0.09082148,0.16959149,-99.0,214.776317274679,25.4593473070084,0.184500812312057,0.52740467,0.38097697,0.5916738,0.571306,19.191597,,,,
296798120,FRB20230615A,78.129327,61.669226,0.000556,0.009544,12.983924299701172,149.1856900969394,35.363198204791104,107.8512,8.772203,CHIME-KKO,CHIME/FRB,695.928,yes,PATH needs to be re-rerun,,https://www.legacysurvey.org/viewer%20dr9%20photo%20z?ra=78.129327&dec=61.669226&layer=ls-dr9&zoom=15&sga-parent&photoz-dr9&targets-dr9-main-dark&targets-dr9-main-bright&targets-dr9-main-sec-dark&targets-dr9-main-sec-bright,0.014089506172839508,,,,,,,,,,,,,,,,,,,,
277059004,FRB20230317A,178.895043,72.352463,0.000556,0.004649,44.135714137089124,128.78258203906395,30.992409483002064,37.7755,9.981233,CHIME-KKO,CHIME/FRB,696.737,yes,,,https://www.legacysurvey.org/viewer%20dr9%20photo%20z?ra=178.895043&dec=72.352463&layer=ls-dr9&zoom=15&sga-parent&photoz-dr9&targets-dr9-main-dark&targets-dr9-main-bright&targets-dr9-main-sec-dark&targets-dr9-main-sec-bright,0.0009436728395061729,DECaL 9907741625878576,178.898584084981,72.3536275140047,0.421208529464342,0.0,0.0,0.0,0.0,178.892741981834,72.3481346907586,0.327211533393377,0.0,0.0,0.0,0.0,21.848738,,,,
272367619,FRB20230222B,238.739123,30.898695,0.000556,0.003194,49.978718058566095,49.617574789395654,38.41679498080865,27.733,9.886957,CHIME-KKO,CHIME/FRB,188.034,yes,,,https://www.legacysurvey.org/viewer%20dr9%20photo%20z?ra=238.739123&dec=30.898695&layer=ls-dr9&zoom=15&sga-parent&photoz-dr9&targets-dr9-main-dark&targets-dr9-main-bright&targets-dr9-main-sec-dark&targets-dr9-main-sec-bright,0.0006541666666666667,DECaL 10995642118704500,238.737954285233,30.899874154744,0.980619002624006,0.10435293,0.070508435,0.13335016,0.10984339,238.737395958022,30.8989047684493,0.00128159297458343,0.4937988,0.057626206,1.7106007,-99.0,17.422754,91.35,9.14,37.55,3.8
358105468,FRB20240210B,222.5218567,81.56315116,0.0005555555556,0.004839997307,34.36870058068914,117.885283903029,32.92708140509945,44.7151,4.8442888,CHIME-KKO,CHIME/FRB,630.4194946,yes,,,https://www.legacysurvey.org/viewer%20dr9%20photo%20z?ra=222.521856683159&dec=81.5631511552434&layer=ls-dr9&zoom=15&sga-parent&photoz-dr9&targets-dr9-main-dark&targets-dr9-main-bright&targets-dr9-main-sec-dark&targets-dr9-main-sec-bright,0.0014413580246913581,DECaL 9907742429350055,222.524821684891,81.565300641909,0.552476008934122,0.0,0.0,0.0,0.0,222.52903297044,81.5651037101632,0.271962689600797,0.0,0.0,0.0,0.0,20.239567,,,,
346002524,FRB20231219A,284.7418291,89.20393537,0.0005555555556,0.0103305112,27.099275058970328,122.03816527825182,33.980595013922,55.0565,-8.30465697,CHIME-KKO,CHIME/FRB,603.7307739,yes,,,https://www.legacysurvey.org/viewer%20dr9%20photo%20z?ra=284.741829086379&dec=89.203935366993&layer=ls-dr9&zoom=15&sga-parent&photoz-dr9&targets-dr9-main-dark&targets-dr9-main-bright&targets-dr9-main-sec-dark&targets-dr9-main-sec-bright,0.0023125000000000008,Pan-STARRS 215062842517036820,284.25316959,89.22156434,0.0111784213511994,-1.0,-1.0,-1.0,-1.0,285.11828293,89.15708882,0.000212431729080638,-1.0,-1.0,-1.0,-1.0,20.6928997039794,,,,
347603667,FRB20231225D,330.3371899,33.95084775,0.0005555555556,0.006851477597,-16.825027978060405,87.07774108617777,44.69170116217388,80.2842,8.898167507,CHIME-KKO,CHIME/FRB,473.1178894,yes,,,https://www.legacysurvey.org/viewer%20dr9%20photo%20z?ra=330.337189890387&dec=33.9508477522979&layer=ls-dr9&zoom=15&sga-parent&photoz-dr9&targets-dr9-main-dark&targets-dr9-main-bright&targets-dr9-main-sec-dark&targets-dr9-main-sec-bright,0.006058641975308643,Pan-STARRS 148733303360097347,330.33597692,33.94723995,0.776728464323334,-1.0,-1.0,-1.0,-1.0,330.33737597,33.95665888,0.056055944306263,-1.0,-1.0,-1.0,-1.0,20.5296001434326,,,,
342760050,FRB20231206A,112.4428447,56.25627381,0.0005555555556,0.007695738694,27.481898130724726,161.0581636545957,31.331426350310835,59.1359,11.32807125,CHIME-KKO,CHIME/FRB,457.7516785,yes,,,https://www.legacysurvey.org/viewer%20dr9%20photo%20z?ra=112.442844732263&dec=56.256273806065&layer=ls-dr9&zoom=15&sga-parent&photoz-dr9&targets-dr9-main-dark&targets-dr9-main-bright&targets-dr9-main-sec-dark&targets-dr9-main-sec-bright,0.0023827160493827167,DECaL 9907738985038273,112.443122504929,56.2532448346757,0.989185886850516,0.0,0.0,0.0,0.0659,112.445914654703,56.2632887189811,0.00160105790987793,0.0,0.0,0.0,0.0,16.117691,9.88,1.13,179.43,18.23
338344597,FRB20231123C,4.089476248,20.02933386,0.0005555555556,0.003777349447,-42.08313445383423,111.80343789483899,32.46176039454847,38.5132,8.317726444,CHIME-KKO,CHIME/FRB,304.4938354,yes,,,https://www.legacysurvey.org/viewer%20dr9%20photo%20z?ra=4.08947624816806&dec=20.0293338599506&layer=ls-dr9&zoom=15&sga-parent&photoz-dr9&targets-dr9-main-dark&targets-dr9-main-bright&targets-dr9-main-sec-dark&targets-dr9-main-sec-bright,0.0009969135802469138,DECaL 10995581236283246,4.09047030530535,20.0312164855856,0.331664515429985,0.6395039,0.39788565,0.775294,-99.0,4.09126102947912,20.0352801256192,0.296590976118062,0.27881145,0.20369706,0.42518252,-99.0,22.36248,,,,
339188139,FRB20231127A,36.83516985,58.90869883,0.0005555555556,0.003968009929,-1.6880916093488778,135.05023969698206,43.34670795062843,208.6366,11.15116951,CHIME-KKO,CHIME/FRB,412.4617615,yes,,,https://www.legacysurvey.org/viewer%20dr9%20photo%20z?ra=36.835169851718&dec=58.9086988324928&layer=ls-dr9&zoom=15&sga-parent&photoz-dr9&targets-dr9-main-dark&targets-dr9-main-bright&targets-dr9-main-sec-dark&targets-dr9-main-sec-bright,0.18395061728395065,Pan-STARRS 178690368364970411,36.83640518,58.90806954,0.66642336644924,-1.0,-1.0,-1.0,-1.0,36.82492906,58.90135706,9.00062527890381e-06,-1.0,-1.0,-1.0,-1.0,20.1713008880615,,,,
358233910,FRB20240210C,325.604935,2.36546011,0.0005555555556,0.01995802763,-35.78448550222442,58.175883967242186,42.353516336057254,44.9421,6.681502444,CHIME-KKO,CHIME/FRB,380.9205627,yes,,,https://www.legacysurvey.org/viewer%20dr9%20photo%20z?ra=325.604935008733&dec=2.3654601097712&layer=ls-dr9&zoom=15&sga-parent&photoz-dr9&targets-dr9-main-dark&targets-dr9-main-bright&targets-dr9-main-sec-dark&targets-dr9-main-sec-bright,0.001508487654320988,DECaL 10995477648510729,325.605405773295,2.37437361708036,0.503481059000339,0.29131782,0.23004368,0.41953436,-99.0,325.605331900885,2.37785278732101,0.0581658667120569,0.40004557,0.2473713,0.6070171,-99.0,20.15241,,,,
337199498,FRB20231118B,213.6797834,72.35021043,0.0005555555556,0.004659323118,43.37271534084496,114.40600112404478,32.07945644986626,37.4434,4.141294479,CHIME-KKO,CHIME/FRB,317.4338074,yes,,,https://www.legacysurvey.org/viewer%20dr9%20photo%20z?ra=213.679783420747&dec=72.3502104344804&layer=ls-dr9&zoom=15&sga-parent&photoz-dr9&targets-dr9-main-dark&targets-dr9-main-bright&targets-dr9-main-sec-dark&targets-dr9-main-sec-bright,0.0009537037037037039,DECaL 9907741628695694,213.680501048596,72.3476860485172,0.87667464805072,0.0,0.0,0.0,0.0,213.68014018536,72.3564117918541,0.0476375817777522,0.0,0.0,0.0,0.0,19.3094,,,,
325442526,FRB20231007B,307.531693,72.892348,0.000556,0.003244,19.057900730342016,106.5036446097513,39.03496211216756,73.4989,7.292682,CHIME-KKO,CHIME/FRB,202.5,yes,,,https://www.legacysurvey.org/viewer%20dr9%20photo%20z?ra=307.531693&dec=72.892348&layer=ls-dr9&zoom=15&sga-parent&photoz-dr9&targets-dr9-main-dark&targets-dr9-main-bright&targets-dr9-main-sec-dark&targets-dr9-main-sec-bright,0.004734567901234568,Pan-STARRS 195463075298975481,307.52941115,72.88719572,0.946030815575964,-1.0,-1.0,-1.0,-2.0,307.55991708,72.92588789,4.40713818952862e-14,-1.0,-1.0,-1.0,-1.0,18.7604999542236,52.87,5.3,138.87,13.93
325287323,"FRB20231006B
",109.6199676,84.77613587,0.0005555555556,0.004455779374,27.621518117913308,128.78883068109153,33.103154125253866,54.8405,-1.920916981,CHIME-KKO,CHIME/FRB,1252.3,yes,,,https://www.legacysurvey.org/viewer%20dr9%20photo%20z?ra=109.619967609111&dec=84.7761358663834&layer=ls-dr9&zoom=15&sga-parent&photoz-dr9&targets-dr9-main-dark&targets-dr9-main-bright&targets-dr9-main-sec-dark&targets-dr9-main-sec-bright,0.002246141975308642,,,,,,,,,,,,,,,,,,,,
321637098,FRB20230924A,193.366935,42.579857,0.000556,0.006217,74.54286887682366,121.52979928373844,30.982158450097046,22.645,10.024749,CHIME-KKO,CHIME/FRB,991.12,yes,,,https://www.legacysurvey.org/viewer%20dr9%20photo%20z?ra=193.366935&dec=42.579857&layer=ls-dr9&zoom=15&sga-parent&photoz-dr9&targets-dr9-main-dark&targets-dr9-main-bright&targets-dr9-main-sec-dark&targets-dr9-main-sec-bright,0.00037083333333333337,DECaL 9907735613736645,193.365963519817,42.5753441018594,0.457410163347744,0.0,0.0,0.0,0.0,193.367224624313,42.5813974031311,0.351791638449501,0.0,0.0,0.0,0.0,22.807707,,,,
347043008,"FRB20231223D
",144.00728,82.106836,0.000556,0.011758,32.14638427609305,129.94713197074054,32.13372395174417,48.2493,-3.659827,CHIME-KKO,CHIME/FRB,729.0,yes,,,https://www.legacysurvey.org/viewer%20dr9%20photo%20z?ra=144.00728&dec=82.106836&layer=ls-dr9&zoom=15&sga-parent&photoz-dr9&targets-dr9-main-dark&targets-dr9-main-bright&targets-dr9-main-sec-dark&targets-dr9-main-sec-bright,0.0016697530864197535,,,,,,,,,,,,,,,,,,,,
