name,chime_event_id,ra_frb,dec_frb,b_err,a_err,theta,tags,frb_survey,DM,include,Localization & PATH note,HG/Science note,DESI quicklook
FRB20231110B,335002503,171.6167903,35.8067028,0.0005555555556,0.008815284496,9.067814426,CHIME-KKO,CHIME/FRB,726.6605835,yes,,,https://www.legacysurvey.org/viewer%20dr9%20photo%20z?ra=171.616790344326&dec=35.8067027998352&layer=ls-dr9&zoom=15&sga-parent&photoz-dr9&targets-dr9-main-dark&targets-dr9-main-bright&targets-dr9-main-sec-dark&targets-dr9-main-sec-bright
FRB20231230B,348570237,355.7728184,78.08919367,0.0005555555556,0.004584884463,6.537953311,CHIME-KKO,CHIME/FRB,476.7572632,yes,,,https://www.legacysurvey.org/viewer%20dr9%20photo%20z?ra=355.772818402066&dec=78.0891936668134&layer=ls-dr9&zoom=15&sga-parent&photoz-dr9&targets-dr9-main-dark&targets-dr9-main-bright&targets-dr9-main-sec-dark&targets-dr9-main-sec-bright
FRB20231005A,325140573,246.0280041,35.44871213,0.0005555555556,0.003164149154,10.48241692,CHIME-KKO,CHIME/FRB,188.8427887,yes,,,https://www.legacysurvey.org/viewer%20dr9%20photo%20z?ra=246.0280040755&dec=35.4487121287435&layer=ls-dr9&zoom=15&sga-parent&photoz-dr9&targets-dr9-main-dark&targets-dr9-main-bright&targets-dr9-main-sec-dark&targets-dr9-main-sec-bright
FRB20231028B,331641308,151.3618498,54.37889347,0.0005555555556,0.00312481346,9.096674265,CHIME-KKO,CHIME/FRB,333.61,yes,,,https://www.legacysurvey.org/viewer%20dr9%20photo%20z?ra=151.361849816323&dec=54.3788934719693&layer=ls-dr9&zoom=15&sga-parent&photoz-dr9&targets-dr9-main-dark&targets-dr9-main-bright&targets-dr9-main-sec-dark&targets-dr9-main-sec-bright
FRB20231009A,326033351,211.7568915,17.2114115,0.0005555555556,0.01418941431,8.043600524,CHIME-KKO,CHIME/FRB,391.0299072,yes,,,https://www.legacysurvey.org/viewer%20dr9%20photo%20z?ra=211.756891493167&dec=17.2114115011551&layer=ls-dr9&zoom=15&sga-parent&photoz-dr9&targets-dr9-main-dark&targets-dr9-main-bright&targets-dr9-main-sec-dark&targets-dr9-main-sec-bright
FRB20231224B,347265274,172.9701579,82.8727228,0.0005555555556,0.004822911436,2.579304354,CHIME-KKO,CHIME/FRB,373.2374573,yes,,,https://www.legacysurvey.org/viewer%20dr9%20photo%20z?ra=172.970157873465&dec=82.8727228034082&layer=ls-dr9&zoom=15&sga-parent&photoz-dr9&targets-dr9-main-dark&targets-dr9-main-bright&targets-dr9-main-sec-dark&targets-dr9-main-sec-bright
FRB20230805A,308358106,36.01767309,52.69548717,0.0005555555556,0.007336941912,10.36014116,CHIME-KKO,CHIME/FRB,638.506958,yes,,,https://www.legacysurvey.org/viewer%20dr9%20photo%20z?ra=36.0176730936336&dec=52.6954871662412&layer=ls-dr9&zoom=15&sga-parent&photoz-dr9&targets-dr9-main-dark&targets-dr9-main-bright&targets-dr9-main-sec-dark&targets-dr9-main-sec-bright
FRB20231204A,342256558,207.9990337,48.11599668,0.0005555555556,0.007262190243,9.486635972,CHIME-KKO,CHIME/FRB,222,yes,,Repeater of FRB 20190303A associated with a galaxy merger,https://www.legacysurvey.org/viewer%20dr9%20photo%20z?ra=207.999033710675&dec=48.11599668345&layer=ls-dr9&zoom=15&sga-parent&photoz-dr9&targets-dr9-main-dark&targets-dr9-main-bright&targets-dr9-main-sec-dark&targets-dr9-main-sec-bright
FRB20231203A,341979347,113.7260276,52.73416313,0.0005555555556,0.01709609835,9.341371651,CHIME-KKO,CHIME/FRB,335.2262573,yes,,,https://www.legacysurvey.org/viewer%20dr9%20photo%20z?ra=113.726027567673&dec=52.734163130458&layer=ls-dr9&zoom=15&sga-parent&photoz-dr9&targets-dr9-main-dark&targets-dr9-main-bright&targets-dr9-main-sec-dark&targets-dr9-main-sec-bright
FRB20231214A,344693725,143.5461092,6.368813788,0.0005555555556,0.003647345683,5.119172858,CHIME-KKO,CHIME/FRB,243.8376923,yes,,,https://www.legacysurvey.org/viewer%20dr9%20photo%20z?ra=143.546109193017&dec=6.36881378793919&layer=ls-dr9&zoom=15&sga-parent&photoz-dr9&targets-dr9-main-dark&targets-dr9-main-bright&targets-dr9-main-sec-dark&targets-dr9-main-sec-bright
FRB20231005B,324962446,344.3805471,15.22387775,0.0005555555556,0.005212596537,8.084904991,CHIME-KKO,CHIME/FRB,640.9332275,yes,,,https://www.legacysurvey.org/viewer%20dr9%20photo%20z?ra=344.380547092994&dec=15.223877751007&layer=ls-dr9&zoom=15&sga-parent&photoz-dr9&targets-dr9-main-dark&targets-dr9-main-bright&targets-dr9-main-sec-dark&targets-dr9-main-sec-bright
FRB20231229A,348285021,26.46782524,35.11291775,0.0005555555556,0.003174812364,10.05299881,CHIME-KKO,CHIME/FRB,198.54776,yes,,,https://www.legacysurvey.org/viewer%20dr9%20photo%20z?ra=26.4678252438447&dec=35.1129177472066&layer=ls-dr9&zoom=15&sga-parent&photoz-dr9&targets-dr9-main-dark&targets-dr9-main-bright&targets-dr9-main-sec-dark&targets-dr9-main-sec-bright
FRB20231128A,339589360,199.5782006,42.9927075,0.0005555555556,0.008303263977,9.904935674,CHIME-KKO,CHIME/FRB,332.4,yes,,Potential PRS candidate; potential repeater of FRB20191106C,https://www.legacysurvey.org/viewer%20dr9%20photo%20z?ra=199.578200643526&dec=42.9927074964711&layer=ls-dr9&zoom=15&sga-parent&photoz-dr9&targets-dr9-main-dark&targets-dr9-main-bright&targets-dr9-main-sec-dark&targets-dr9-main-sec-bright
FRB20231231A,348687097,342.4018705,16.42678143,0.0005555555556,0.003157903314,8.575732328,CHIME-KKO,CHIME/FRB,1247.494629,yes,,,https://www.legacysurvey.org/viewer%20dr9%20photo%20z?ra=342.401870467405&dec=16.4267814344415&layer=ls-dr9&zoom=15&sga-parent&photoz-dr9&targets-dr9-main-dark&targets-dr9-main-bright&targets-dr9-main-sec-dark&targets-dr9-main-sec-bright
FRB20231007A,325515646,185.384974,79.8851437,0.0005555555556,0.006812817301,4.24326327,CHIME-KKO,CHIME/FRB,819.666626,yes,,,https://www.legacysurvey.org/viewer%20dr9%20photo%20z?ra=185.384974005139&dec=79.885143700195&layer=ls-dr9&zoom=15&sga-parent&photoz-dr9&targets-dr9-main-dark&targets-dr9-main-bright&targets-dr9-main-sec-dark&targets-dr9-main-sec-bright
FRB20231223C,347082860,259.5446492,29.49793687,0.0005555555556,0.003148474211,9.717681959,CHIME-KKO,CHIME/FRB,179.5421753,yes,,,https://www.legacysurvey.org/viewer%20dr9%20photo%20z?ra=259.544649177547&dec=29.4979368707501&layer=ls-dr9&zoom=15&sga-parent&photoz-dr9&targets-dr9-main-dark&targets-dr9-main-bright&targets-dr9-main-sec-dark&targets-dr9-main-sec-bright
FRB20231209A,343537552,180.9095146,50.07879183,0.0005555555556,0.006077783962,9.610028269,CHIME-KKO,CHIME/FRB,1232.128418,yes,,,https://www.legacysurvey.org/viewer%20dr9%20photo%20z?ra=180.909514598069&dec=50.0787918314104&layer=ls-dr9&zoom=15&sga-parent&photoz-dr9&targets-dr9-main-dark&targets-dr9-main-bright&targets-dr9-main-sec-dark&targets-dr9-main-sec-bright
FRB20231025B,330976597,270.788071,63.989077,0.000556,0.007113,9.952713,CHIME-KKO,CHIME/FRB,368.3849487,yes,,,https://www.legacysurvey.org/viewer%20dr9%20photo%20z?ra=270.788071&dec=63.989077&layer=ls-dr9&zoom=15&sga-parent&photoz-dr9&targets-dr9-main-dark&targets-dr9-main-bright&targets-dr9-main-sec-dark&targets-dr9-main-sec-bright
FRB20231025C,330838705,71.977226,33.237985,0.000556,0.004295,9.228786,CHIME-KKO,CHIME/FRB,509.9159546,yes,,,https://www.legacysurvey.org/viewer%20dr9%20photo%20z?ra=71.977226&dec=33.237985&layer=ls-dr9&zoom=15&sga-parent&photoz-dr9&targets-dr9-main-dark&targets-dr9-main-bright&targets-dr9-main-sec-dark&targets-dr9-main-sec-bright
FRB20231126A,339069867,21.816031,89.288944,0.000556,0.016421,-6.849878,CHIME-KKO,CHIME/FRB,673.2831421,yes,,,https://www.legacysurvey.org/viewer%20dr9%20photo%20z?ra=21.816031&dec=89.288944&layer=ls-dr9&zoom=15&sga-parent&photoz-dr9&targets-dr9-main-dark&targets-dr9-main-bright&targets-dr9-main-sec-dark&targets-dr9-main-sec-bright
FRB20230928A,322840327,104.407554,60.572895,0.000556,0.003102,7.425967,CHIME-KKO,CHIME/FRB,533.7577515,yes,,,https://www.legacysurvey.org/viewer%20dr9%20photo%20z?ra=104.407554&dec=60.572895&layer=ls-dr9&zoom=15&sga-parent&photoz-dr9&targets-dr9-main-dark&targets-dr9-main-bright&targets-dr9-main-sec-dark&targets-dr9-main-sec-bright
FRB20231017A,328261629,346.754287,36.652682,0.000556,0.003645,9.407498,CHIME-KKO,CHIME/FRB,344.1224976,yes,,,https://www.legacysurvey.org/viewer%20dr9%20photo%20z?ra=346.754287&dec=36.652682&layer=ls-dr9&zoom=15&sga-parent&photoz-dr9&targets-dr9-main-dark&targets-dr9-main-bright&targets-dr9-main-sec-dark&targets-dr9-main-sec-bright
FRB20231102A,333031657,228.837416,56.799192,0.000556,0.004169,9.845774,CHIME-KKO,CHIME/FRB,906.2027588,yes,,,https://www.legacysurvey.org/viewer%20dr9%20photo%20z?ra=228.837416&dec=56.799192&layer=ls-dr9&zoom=15&sga-parent&photoz-dr9&targets-dr9-main-dark&targets-dr9-main-bright&targets-dr9-main-sec-dark&targets-dr9-main-sec-bright
FRB20231223B,347027446,78.699512,48.754654,0.000556,0.023381,8.808987,CHIME-KKO,CHIME/FRB,499.4022217,yes,,,https://www.legacysurvey.org/viewer%20dr9%20photo%20z?ra=78.699512&dec=48.754654&layer=ls-dr9&zoom=15&sga-parent&photoz-dr9&targets-dr9-main-dark&targets-dr9-main-bright&targets-dr9-main-sec-dark&targets-dr9-main-sec-bright
FRB20230926A,321977347,269.124876,41.814304,0.000556,0.00499,8.87811,CHIME-KKO,CHIME/FRB,222.8102264,yes,,,https://www.legacysurvey.org/viewer%20dr9%20photo%20z?ra=269.124876&dec=41.814304&layer=ls-dr9&zoom=15&sga-parent&photoz-dr9&targets-dr9-main-dark&targets-dr9-main-bright&targets-dr9-main-sec-dark&targets-dr9-main-sec-bright
FRB20231224A,347261948,131.459857,72.912788,0.000556,0.006281,9.712284,CHIME-KKO,CHIME/FRB,682.9881592,yes,,,https://www.legacysurvey.org/viewer%20dr9%20photo%20z?ra=131.459857&dec=72.912788&layer=ls-dr9&zoom=15&sga-parent&photoz-dr9&targets-dr9-main-dark&targets-dr9-main-bright&targets-dr9-main-sec-dark&targets-dr9-main-sec-bright
FRB20231101A,332593291,135.3942228,0.9417923608,0.0005555555556,0.004671102995,6.406890419,CHIME-KKO,CHIME/FRB,412.057373,yes,,,https://www.legacysurvey.org/viewer%20dr9%20photo%20z?ra=135.394222783017&dec=0.941792360811069&layer=ls-dr9&zoom=15&sga-parent&photoz-dr9&targets-dr9-main-dark&targets-dr9-main-bright&targets-dr9-main-sec-dark&targets-dr9-main-sec-bright
FRB20231104B,333356311,135.1051605,46.33993496,0.0005555555556,0.009992610684,9.24239229,CHIME-KKO,CHIME/FRB,382.9424438,yes,,,https://www.legacysurvey.org/viewer%20dr9%20photo%20z?ra=135.105160474006&dec=46.3399349607409&layer=ls-dr9&zoom=15&sga-parent&photoz-dr9&targets-dr9-main-dark&targets-dr9-main-bright&targets-dr9-main-sec-dark&targets-dr9-main-sec-bright
FRB20230918A,319829796,161.0507257,61.1208613,0.0005555555556,0.003226501762,8.435019048,CHIME-KKO,CHIME/FRB,365.9587097,yes,,,https://www.legacysurvey.org/viewer%20dr9%20photo%20z?ra=161.050725715941&dec=61.1208613044406&layer=ls-dr9&zoom=15&sga-parent&photoz-dr9&targets-dr9-main-dark&targets-dr9-main-bright&targets-dr9-main-sec-dark&targets-dr9-main-sec-bright
FRB20231123A,338403209,82.6232485,4.475540697,0.0005555555556,0.004515251814,6.842796134,CHIME-KKO,CHIME/FRB,302.0675659,yes,,,https://www.legacysurvey.org/viewer%20dr9%20photo%20z?ra=82.6232485043855&dec=4.47554069667685&layer=ls-dr9&zoom=15&sga-parent&photoz-dr9&targets-dr9-main-dark&targets-dr9-main-bright&targets-dr9-main-sec-dark&targets-dr9-main-sec-bright
FRB20231210B,343770778,59.66792377,27.02745584,0.0005555555556,0.006292447091,9.162237232,CHIME-KKO,CHIME/FRB,505.8722229,yes,,,https://www.legacysurvey.org/viewer%20dr9%20photo%20z?ra=59.6679237718216&dec=27.0274558352899&layer=ls-dr9&zoom=15&sga-parent&photoz-dr9&targets-dr9-main-dark&targets-dr9-main-bright&targets-dr9-main-sec-dark&targets-dr9-main-sec-bright
FRB20231223A,347052803,206.9735194,16.32939662,0.0005555555556,0.005730543909,8.403755162,CHIME-KKO,CHIME/FRB,866.5740356,yes,,,https://www.legacysurvey.org/viewer%20dr9%20photo%20z?ra=206.973519423108&dec=16.3293966204971&layer=ls-dr9&zoom=15&sga-parent&photoz-dr9&targets-dr9-main-dark&targets-dr9-main-bright&targets-dr9-main-sec-dark&targets-dr9-main-sec-bright
FRB20231019A,328879027,19.10358084,20.62749783,0.0005555555556,0.008661762164,8.213080787,CHIME-KKO,CHIME/FRB,246.67,yes,,,https://www.legacysurvey.org/viewer%20dr9%20photo%20z?ra=19.1035808351376&dec=20.6274978324551&layer=ls-dr9&zoom=15&sga-parent&photoz-dr9&targets-dr9-main-dark&targets-dr9-main-bright&targets-dr9-main-sec-dark&targets-dr9-main-sec-bright
FRB20231210A,343712196,13.13263568,16.30105027,0.0005555555556,0.01379573093,3.105943157,CHIME-KKO,CHIME/FRB,482.4185181,yes,,,https://www.legacysurvey.org/viewer%20dr9%20photo%20z?ra=13.1326356827094&dec=16.3010502671542&layer=ls-dr9&zoom=15&sga-parent&photoz-dr9&targets-dr9-main-dark&targets-dr9-main-bright&targets-dr9-main-sec-dark&targets-dr9-main-sec-bright
FRB20231225A,347465543,135.6029696,33.91857165,0.0005555555556,0.0131964915,9.869471881,CHIME-KKO,CHIME/FRB,646.5944824,yes,,,https://www.legacysurvey.org/viewer%20dr9%20photo%20z?ra=135.602969574722&dec=33.9185716484329&layer=ls-dr9&zoom=15&sga-parent&photoz-dr9&targets-dr9-main-dark&targets-dr9-main-bright&targets-dr9-main-sec-dark&targets-dr9-main-sec-bright
FRB20231225B,347433921,54.87781005,-3.066187119,0.0005555555556,0.02069607903,5.871652414,CHIME-KKO,CHIME/FRB,227.6627197,yes,,,https://www.legacysurvey.org/viewer%20dr9%20photo%20z?ra=54.8778100503218&dec=-3.06618711921366&layer=ls-dr9&zoom=15&sga-parent&photoz-dr9&targets-dr9-main-dark&targets-dr9-main-bright&targets-dr9-main-sec-dark&targets-dr9-main-sec-bright
FRB20231019B,329033047,216.531822,44.50831221,0.0005555555556,0.00422376441,9.49540847,CHIME-KKO,CHIME/FRB,909.4377441,yes,,,https://www.legacysurvey.org/viewer%20dr9%20photo%20z?ra=216.531822035306&dec=44.5083122088528&layer=ls-dr9&zoom=15&sga-parent&photoz-dr9&targets-dr9-main-dark&targets-dr9-main-bright&targets-dr9-main-sec-dark&targets-dr9-main-sec-bright
FRB20231014A,327479591,343.760402,54.49522031,0.0005555555556,0.005489662442,10.65719944,CHIME-KKO,CHIME/FRB,860.9128418,yes,,,https://www.legacysurvey.org/viewer%20dr9%20photo%20z?ra=343.760401969779&dec=54.4952203147881&layer=ls-dr9&zoom=15&sga-parent&photoz-dr9&targets-dr9-main-dark&targets-dr9-main-bright&targets-dr9-main-sec-dark&targets-dr9-main-sec-bright
FRB20230923A,321375070,206.6141041,45.40800828,0.0005555555556,0.003837424038,9.461044289,CHIME-KKO,CHIME/FRB,918.3339844,yes,,,https://www.legacysurvey.org/viewer%20dr9%20photo%20z?ra=206.614104126771&dec=45.408008284816&layer=ls-dr9&zoom=15&sga-parent&photoz-dr9&targets-dr9-main-dark&targets-dr9-main-bright&targets-dr9-main-sec-dark&targets-dr9-main-sec-bright
FRB20231230A,348537586,72.79761078,2.393975025,0.0005555555556,0.02864686397,6.56793619,CHIME-KKO,CHIME/FRB,131.4216309,yes,,,https://www.legacysurvey.org/viewer%20dr9%20photo%20z?ra=72.797610777701&dec=2.39397502476019&layer=ls-dr9&zoom=15&sga-parent&photoz-dr9&targets-dr9-main-dark&targets-dr9-main-bright&targets-dr9-main-sec-dark&targets-dr9-main-sec-bright
FRB20231118A,337105685,312.3918728,37.92352129,0.0005555555556,0.005724065407,10.07147379,CHIME-KKO,CHIME/FRB,473.1178894,yes,,,https://www.legacysurvey.org/viewer%20dr9%20photo%20z?ra=312.391872764167&dec=37.9235212912003&layer=ls-dr9&zoom=15&sga-parent&photoz-dr9&targets-dr9-main-dark&targets-dr9-main-bright&targets-dr9-main-sec-dark&targets-dr9-main-sec-bright
FRB20231110A,334942484,8.897104062,15.8371929,0.0005555555556,0.006395915718,8.337175404,CHIME-KKO,CHIME/FRB,448.05,yes,,,https://www.legacysurvey.org/viewer%20dr9%20photo%20z?ra=8.89710406241075&dec=15.8371929027172&layer=ls-dr9&zoom=15&sga-parent&photoz-dr9&targets-dr9-main-dark&targets-dr9-main-bright&targets-dr9-main-sec-dark&targets-dr9-main-sec-bright
FRB20231202A,341758878,65.03038787,38.63327755,0.0005555555556,0.003663746899,9.048617578,CHIME-KKO,CHIME/FRB,437.1286011,yes,,,https://www.legacysurvey.org/viewer%20dr9%20photo%20z?ra=65.0303878741242&dec=38.6332775528582&layer=ls-dr9&zoom=15&sga-parent&photoz-dr9&targets-dr9-main-dark&targets-dr9-main-bright&targets-dr9-main-sec-dark&targets-dr9-main-sec-bright
FRB20231020A,329248428,76.12080603,72.07888585,0.0005555555556,0.01104741502,11.03999986,CHIME-KKO,CHIME/FRB,267.2913818,yes,,,https://www.legacysurvey.org/viewer%20dr9%20photo%20z?ra=76.1208060266882&dec=72.0788858507593&layer=ls-dr9&zoom=15&sga-parent&photoz-dr9&targets-dr9-main-dark&targets-dr9-main-bright&targets-dr9-main-sec-dark&targets-dr9-main-sec-bright
FRB20231018A,328495927,113.9525084,67.61564891,0.0005555555556,0.007005632321,12.94033471,CHIME-KKO,CHIME/FRB,546.6973267,yes,,,https://www.legacysurvey.org/viewer%20dr9%20photo%20z?ra=113.952508353952&dec=67.6156489079228&layer=ls-dr9&zoom=15&sga-parent&photoz-dr9&targets-dr9-main-dark&targets-dr9-main-bright&targets-dr9-main-sec-dark&targets-dr9-main-sec-bright
FRB20231201A,341477821,54.58929449,26.81767204,0.0005555555556,0.005631256977,0.5162121942,CHIME-KKO,CHIME/FRB,169.4328156,yes,,,https://www.legacysurvey.org/viewer%20dr9%20photo%20z?ra=54.5892944872743&dec=26.8176720423103&layer=ls-dr9&zoom=15&sga-parent&photoz-dr9&targets-dr9-main-dark&targets-dr9-main-bright&targets-dr9-main-sec-dark&targets-dr9-main-sec-bright
FRB20231028A,331618070,249.4659895,80.08290425,0.0005555555556,0.04223472351,9.732376673,CHIME-KKO,CHIME/FRB,585.9382935,yes,,,https://www.legacysurvey.org/viewer%20dr9%20photo%20z?ra=249.465989470138&dec=80.0829042533914&layer=ls-dr9&zoom=15&sga-parent&photoz-dr9&targets-dr9-main-dark&targets-dr9-main-bright&targets-dr9-main-sec-dark&targets-dr9-main-sec-bright
FRB20231225C,347419602,211.7214397,74.44913311,0.0005555555556,0.03050401175,6.572278661,CHIME-KKO,CHIME/FRB,515.5772095,yes,,,https://www.legacysurvey.org/viewer%20dr9%20photo%20z?ra=211.721439743154&dec=74.4491331124115&layer=ls-dr9&zoom=15&sga-parent&photoz-dr9&targets-dr9-main-dark&targets-dr9-main-bright&targets-dr9-main-sec-dark&targets-dr9-main-sec-bright
FRB20230911A,317888392,49.64796886,2.667129283,0.0005555555556,0.00314629452,6.671559467,CHIME-KKO,CHIME/FRB,351.4012451,yes,,,https://www.legacysurvey.org/viewer%20dr9%20photo%20z?ra=49.6479688620302&dec=2.66712928306811&layer=ls-dr9&zoom=15&sga-parent&photoz-dr9&targets-dr9-main-dark&targets-dr9-main-bright&targets-dr9-main-sec-dark&targets-dr9-main-sec-bright
FRB20231011A,326456063,18.2411005,41.74909795,0.0005555555556,0.003193388357,13.73469531,CHIME-KKO,CHIME/FRB,186.4165344,yes,,,https://www.legacysurvey.org/viewer%20dr9%20photo%20z?ra=18.2411005031846&dec=41.7490979473684&layer=ls-dr9&zoom=15&sga-parent&photoz-dr9&targets-dr9-main-dark&targets-dr9-main-bright&targets-dr9-main-sec-dark&targets-dr9-main-sec-bright
FRB20230414B,283032006,11.105806,51.813676,0.000556,0.003642,10.416676,CHIME-KKO,CHIME/FRB,433.8935852,yes,,,https://www.legacysurvey.org/viewer%20dr9%20photo%20z?ra=11.105806&dec=51.813676&layer=ls-dr9&zoom=15&sga-parent&photoz-dr9&targets-dr9-main-dark&targets-dr9-main-bright&targets-dr9-main-sec-dark&targets-dr9-main-sec-bright
FRB20230311A,275629567,91.109662,55.945953,0.000556,0.004372,9.675111,CHIME-KKO,CHIME/FRB,364.341217,yes,,,https://www.legacysurvey.org/viewer%20dr9%20photo%20z?ra=91.109662&dec=55.945953&layer=ls-dr9&zoom=15&sga-parent&photoz-dr9&targets-dr9-main-dark&targets-dr9-main-bright&targets-dr9-main-sec-dark&targets-dr9-main-sec-bright
FRB20230913A,318361859,131.903753,87.995112,0.000556,0.003385,-6.166066,CHIME-KKO,CHIME/FRB,251.1164246,yes,,,https://www.legacysurvey.org/viewer%20dr9%20photo%20z?ra=131.903753&dec=87.995112&layer=ls-dr9&zoom=15&sga-parent&photoz-dr9&targets-dr9-main-dark&targets-dr9-main-bright&targets-dr9-main-sec-dark&targets-dr9-main-sec-bright
FRB20230409A,281936786,148.548623,61.147849,0.000556,0.009167,7.312842,CHIME-KKO,CHIME/FRB,408.822,yes,,,https://www.legacysurvey.org/viewer%20dr9%20photo%20z?ra=148.548623&dec=61.147849&layer=ls-dr9&zoom=15&sga-parent&photoz-dr9&targets-dr9-main-dark&targets-dr9-main-bright&targets-dr9-main-sec-dark&targets-dr9-main-sec-bright
FRB20230414A,282988614,304.47601,84.899695,0.000556,0.003969,6.007379,CHIME-KKO,CHIME/FRB,501.02,yes,,,https://www.legacysurvey.org/viewer%20dr9%20photo%20z?ra=304.47601&dec=84.899695&layer=ls-dr9&zoom=15&sga-parent&photoz-dr9&targets-dr9-main-dark&targets-dr9-main-bright&targets-dr9-main-sec-dark&targets-dr9-main-sec-bright
FRB20230828A,313479875,22.287034,34.429645,0.000556,0.003468,10.180043,CHIME-KKO,CHIME/FRB,377.281,yes,,,https://www.legacysurvey.org/viewer%20dr9%20photo%20z?ra=22.287034&dec=34.429645&layer=ls-dr9&zoom=15&sga-parent&photoz-dr9&targets-dr9-main-dark&targets-dr9-main-bright&targets-dr9-main-sec-dark&targets-dr9-main-sec-bright
FRB20230314A,276387136,310.2887904,6.9556754,0.000556,0.003140776515,7.327115868,CHIME-KKO,CHIME/FRB,429.041,yes,,,https://www.legacysurvey.org/viewer%20dr9%20photo%20z?ra=310.2887904&dec=6.9556754&layer=ls-dr9&zoom=15&sga-parent&photoz-dr9&targets-dr9-main-dark&targets-dr9-main-bright&targets-dr9-main-sec-dark&targets-dr9-main-sec-bright
FRB20230411A,282352003,280.057377,47.495064,0.000556,0.003304,9.456615,CHIME-KKO,CHIME/FRB,551.162,yes,,,https://www.legacysurvey.org/viewer%20dr9%20photo%20z?ra=280.057377&dec=47.495064&layer=ls-dr9&zoom=15&sga-parent&photoz-dr9&targets-dr9-main-dark&targets-dr9-main-bright&targets-dr9-main-sec-dark&targets-dr9-main-sec-bright
FRB20230802A,307424887,339.2845,30.788721,0.000556,0.003818,9.047058,CHIME-KKO,CHIME/FRB,305.303,yes,,,https://www.legacysurvey.org/viewer%20dr9%20photo%20z?ra=339.2845&dec=30.788721&layer=ls-dr9&zoom=15&sga-parent&photoz-dr9&targets-dr9-main-dark&targets-dr9-main-bright&targets-dr9-main-sec-dark&targets-dr9-main-sec-bright
FRB20230703A,300938875,184.624449,48.729933,0.000556,0.005593,9.727547,CHIME-KKO,CHIME/FRB,290.745,yes,,,https://www.legacysurvey.org/viewer%20dr9%20photo%20z?ra=184.624449&dec=48.729933&layer=ls-dr9&zoom=15&sga-parent&photoz-dr9&targets-dr9-main-dark&targets-dr9-main-bright&targets-dr9-main-sec-dark&targets-dr9-main-sec-bright
FRB20230730A,306528286,54.664564,33.159296,0.000556,0.003393,9.909355,CHIME-KKO,CHIME/FRB,312.581,yes,,,https://www.legacysurvey.org/viewer%20dr9%20photo%20z?ra=54.664564&dec=33.159296&layer=ls-dr9&zoom=15&sga-parent&photoz-dr9&targets-dr9-main-dark&targets-dr9-main-bright&targets-dr9-main-sec-dark&targets-dr9-main-sec-bright
FRB20230203A,268786306,151.661594,35.694096,0.000556,0.004994,10.148386,CHIME-KKO,CHIME/FRB,417.302,yes,,,https://www.legacysurvey.org/viewer%20dr9%20photo%20z?ra=151.661594&dec=35.694096&layer=ls-dr9&zoom=15&sga-parent&photoz-dr9&targets-dr9-main-dark&targets-dr9-main-bright&targets-dr9-main-sec-dark&targets-dr9-main-sec-bright
FRB20230222A,272350056,106.960358,11.224524,0.000556,0.005935,7.575682,CHIME-KKO,CHIME/FRB,708.442,yes,,,https://www.legacysurvey.org/viewer%20dr9%20photo%20z?ra=106.960358&dec=11.224524&layer=ls-dr9&zoom=15&sga-parent&photoz-dr9&targets-dr9-main-dark&targets-dr9-main-bright&targets-dr9-main-sec-dark&targets-dr9-main-sec-bright
FRB20230702A,300895079,132.124693,26.389497,0.000556,0.00424,8.421692,CHIME-KKO,CHIME/FRB,598.878,yes,,,https://www.legacysurvey.org/viewer%20dr9%20photo%20z?ra=132.124693&dec=26.389497&layer=ls-dr9&zoom=15&sga-parent&photoz-dr9&targets-dr9-main-dark&targets-dr9-main-bright&targets-dr9-main-sec-dark&targets-dr9-main-sec-bright
FRB20221209A,254837189,297.369563,59.406184,0.000556,0.003586,7.033855,CHIME-KKO,CHIME/FRB,792.169,yes,,,https://www.legacysurvey.org/viewer%20dr9%20photo%20z?ra=297.369563&dec=59.406184&layer=ls-dr9&zoom=15&sga-parent&photoz-dr9&targets-dr9-main-dark&targets-dr9-main-bright&targets-dr9-main-sec-dark&targets-dr9-main-sec-bright
FRB20230616A,296843842,184.614579,28.356649,0.000556,0.00472,8.603507,CHIME-KKO,CHIME/FRB,918.334,yes,,,https://www.legacysurvey.org/viewer%20dr9%20photo%20z?ra=184.614579&dec=28.356649&layer=ls-dr9&zoom=15&sga-parent&photoz-dr9&targets-dr9-main-dark&targets-dr9-main-bright&targets-dr9-main-sec-dark&targets-dr9-main-sec-bright
FRB20230720A,304166930,4.454435,21.271245,0.000556,0.003793,8.261756,CHIME-KKO,CHIME/FRB,532.965,yes,,,https://www.legacysurvey.org/viewer%20dr9%20photo%20z?ra=4.454435&dec=21.271245&layer=ls-dr9&zoom=15&sga-parent&photoz-dr9&targets-dr9-main-dark&targets-dr9-main-bright&targets-dr9-main-sec-dark&targets-dr9-main-sec-bright
FRB20230410A,282159121,214.777446,25.457945,0.000556,0.006016,9.191534,CHIME-KKO,CHIME/FRB,643.359,yes,,,https://www.legacysurvey.org/viewer%20dr9%20photo%20z?ra=214.777446&dec=25.457945&layer=ls-dr9&zoom=15&sga-parent&photoz-dr9&targets-dr9-main-dark&targets-dr9-main-bright&targets-dr9-main-sec-dark&targets-dr9-main-sec-bright
FRB20230615A,296798120,78.129327,61.669226,0.000556,0.009544,8.772203,CHIME-KKO,CHIME/FRB,695.928,yes,PATH needs to be re-rerun,,https://www.legacysurvey.org/viewer%20dr9%20photo%20z?ra=78.129327&dec=61.669226&layer=ls-dr9&zoom=15&sga-parent&photoz-dr9&targets-dr9-main-dark&targets-dr9-main-bright&targets-dr9-main-sec-dark&targets-dr9-main-sec-bright
FRB20230317A,277059004,178.895043,72.352463,0.000556,0.004649,9.981233,CHIME-KKO,CHIME/FRB,696.737,yes,,,https://www.legacysurvey.org/viewer%20dr9%20photo%20z?ra=178.895043&dec=72.352463&layer=ls-dr9&zoom=15&sga-parent&photoz-dr9&targets-dr9-main-dark&targets-dr9-main-bright&targets-dr9-main-sec-dark&targets-dr9-main-sec-bright
FRB20230222B,272367619,238.739123,30.898695,0.000556,0.003194,9.886957,CHIME-KKO,CHIME/FRB,188.034,yes,,,https://www.legacysurvey.org/viewer%20dr9%20photo%20z?ra=238.739123&dec=30.898695&layer=ls-dr9&zoom=15&sga-parent&photoz-dr9&targets-dr9-main-dark&targets-dr9-main-bright&targets-dr9-main-sec-dark&targets-dr9-main-sec-bright
FRB20240210B,358105468,222.5218567,81.56315116,0.0005555555556,0.004839997307,4.8442888,CHIME-KKO,CHIME/FRB,630.4194946,yes,,,https://www.legacysurvey.org/viewer%20dr9%20photo%20z?ra=222.521856683159&dec=81.5631511552434&layer=ls-dr9&zoom=15&sga-parent&photoz-dr9&targets-dr9-main-dark&targets-dr9-main-bright&targets-dr9-main-sec-dark&targets-dr9-main-sec-bright
FRB20231219A,346002524,284.7418291,89.20393537,0.0005555555556,0.0103305112,-8.30465697,CHIME-KKO,CHIME/FRB,603.7307739,yes,,,https://www.legacysurvey.org/viewer%20dr9%20photo%20z?ra=284.741829086379&dec=89.203935366993&layer=ls-dr9&zoom=15&sga-parent&photoz-dr9&targets-dr9-main-dark&targets-dr9-main-bright&targets-dr9-main-sec-dark&targets-dr9-main-sec-bright
FRB20231225D,347603667,330.3371899,33.95084775,0.0005555555556,0.006851477597,8.898167507,CHIME-KKO,CHIME/FRB,473.1178894,yes,,,https://www.legacysurvey.org/viewer%20dr9%20photo%20z?ra=330.337189890387&dec=33.9508477522979&layer=ls-dr9&zoom=15&sga-parent&photoz-dr9&targets-dr9-main-dark&targets-dr9-main-bright&targets-dr9-main-sec-dark&targets-dr9-main-sec-bright
FRB20231206A,342760050,112.4428447,56.25627381,0.0005555555556,0.007695738694,11.32807125,CHIME-KKO,CHIME/FRB,457.7516785,yes,,,https://www.legacysurvey.org/viewer%20dr9%20photo%20z?ra=112.442844732263&dec=56.256273806065&layer=ls-dr9&zoom=15&sga-parent&photoz-dr9&targets-dr9-main-dark&targets-dr9-main-bright&targets-dr9-main-sec-dark&targets-dr9-main-sec-bright
FRB20231123C,338344597,4.089476248,20.02933386,0.0005555555556,0.003777349447,8.317726444,CHIME-KKO,CHIME/FRB,304.4938354,yes,,,https://www.legacysurvey.org/viewer%20dr9%20photo%20z?ra=4.08947624816806&dec=20.0293338599506&layer=ls-dr9&zoom=15&sga-parent&photoz-dr9&targets-dr9-main-dark&targets-dr9-main-bright&targets-dr9-main-sec-dark&targets-dr9-main-sec-bright
FRB20231127A,339188139,36.83516985,58.90869883,0.0005555555556,0.003968009929,11.15116951,CHIME-KKO,CHIME/FRB,412.4617615,yes,,,https://www.legacysurvey.org/viewer%20dr9%20photo%20z?ra=36.835169851718&dec=58.9086988324928&layer=ls-dr9&zoom=15&sga-parent&photoz-dr9&targets-dr9-main-dark&targets-dr9-main-bright&targets-dr9-main-sec-dark&targets-dr9-main-sec-bright
FRB20240210C,358233910,325.604935,2.36546011,0.0005555555556,0.01995802763,6.681502444,CHIME-KKO,CHIME/FRB,380.9205627,yes,,,https://www.legacysurvey.org/viewer%20dr9%20photo%20z?ra=325.604935008733&dec=2.3654601097712&layer=ls-dr9&zoom=15&sga-parent&photoz-dr9&targets-dr9-main-dark&targets-dr9-main-bright&targets-dr9-main-sec-dark&targets-dr9-main-sec-bright
FRB20231118B,337199498,213.6797834,72.35021043,0.0005555555556,0.004659323118,4.141294479,CHIME-KKO,CHIME/FRB,317.4338074,yes,,,https://www.legacysurvey.org/viewer%20dr9%20photo%20z?ra=213.679783420747&dec=72.3502104344804&layer=ls-dr9&zoom=15&sga-parent&photoz-dr9&targets-dr9-main-dark&targets-dr9-main-bright&targets-dr9-main-sec-dark&targets-dr9-main-sec-bright
FRB20231007B,325442526,307.531693,72.892348,0.000556,0.003244,7.292682,CHIME-KKO,CHIME/FRB,202.5,yes,,,https://www.legacysurvey.org/viewer%20dr9%20photo%20z?ra=307.531693&dec=72.892348&layer=ls-dr9&zoom=15&sga-parent&photoz-dr9&targets-dr9-main-dark&targets-dr9-main-bright&targets-dr9-main-sec-dark&targets-dr9-main-sec-bright
"FRB20231006B
",325287323,109.6199676,84.77613587,0.0005555555556,0.004455779374,-1.920916981,CHIME-KKO,CHIME/FRB,1252.3,yes,,,https://www.legacysurvey.org/viewer%20dr9%20photo%20z?ra=109.619967609111&dec=84.7761358663834&layer=ls-dr9&zoom=15&sga-parent&photoz-dr9&targets-dr9-main-dark&targets-dr9-main-bright&targets-dr9-main-sec-dark&targets-dr9-main-sec-bright
FRB20230924A,321637098,193.366935,42.579857,0.000556,0.006217,10.024749,CHIME-KKO,CHIME/FRB,991.12,yes,,,https://www.legacysurvey.org/viewer%20dr9%20photo%20z?ra=193.366935&dec=42.579857&layer=ls-dr9&zoom=15&sga-parent&photoz-dr9&targets-dr9-main-dark&targets-dr9-main-bright&targets-dr9-main-sec-dark&targets-dr9-main-sec-bright
"FRB20231223D
",347043008,144.00728,82.106836,0.000556,0.011758,-3.659827,CHIME-KKO,CHIME/FRB,729,yes,,,https://www.legacysurvey.org/viewer%20dr9%20photo%20z?ra=144.00728&dec=82.106836&layer=ls-dr9&zoom=15&sga-parent&photoz-dr9&targets-dr9-main-dark&targets-dr9-main-bright&targets-dr9-main-sec-dark&targets-dr9-main-sec-bright
FRB20230409B,281936786,148.5490301,61.1478697,0.0003267973856,0.009277168275,15.02127076,CHIME-KKO,CHIME/FRB,408.8223877,no,REMOVE: this is a duplicate,,
FRB20230929A,323111021,347.27278,48.714685,0.000556,0.015644,10.456053,CHIME-KKO,CHIME/FRB,222.41,no,,R117: FRB20220912A,https://www.legacysurvey.org/viewer%20dr9%20photo%20z?ra=347.27278&dec=48.714685&layer=ls-dr9&zoom=15&sga-parent&photoz-dr9&targets-dr9-main-dark&targets-dr9-main-bright&targets-dr9-main-sec-dark&targets-dr9-main-sec-bright
FRB20231008A,325634353,347.2750477,48.72042195,0.0005555555556,0.01517299559,10.85017785,CHIME-KKO,CHIME/FRB,220.38,no,,Repeater of FRB20220912A: DSA localization within CHIME-KKO ellipse,https://www.legacysurvey.org/viewer%20dr9%20photo%20z?ra=347.275047726805&dec=48.7204219539448&layer=ls-dr9&zoom=15&sga-parent&photoz-dr9&targets-dr9-main-dark&targets-dr9-main-bright&targets-dr9-main-sec-dark&targets-dr9-main-sec-bright
,353865009,29.98128233,74.98452905,0.0005555555556,0.007092815945,9.207753016,CHIME-KKO,CHIME/FRB,606.1570435,,,,
,356959136,312.6237277,73.9032179,0.0005555555556,0.003372321044,8.645830898,CHIME-KKO,CHIME/FRB,272.1438904,,,,
FRB20230720B,304166930,4.454361841,21.27124706,0.0003267973856,0.003837542589,8.762922509,CHIME-KKO,CHIME/FRB,532.965271,no,REMOVE: this is a duplicate,,
FRB20231104A,333356311,135.1052939,46.33991823,0.0005555555556,0.009995511994,13.29049311,CHIME-KKO,CHIME/FRB,382.9424438,no,REMOVE: this is from November -- I trust the Feb result more (slightly better angle). ITs a duplicate burst,,
,312913987,,,,,,,,,no,R117; omit from paper,,
,322056266,,,,,,,,,no,R117; omit from paper,,