,frb_ra,frb_dec,DM,primary_z_spec,gal_b,gal_l,repeater,offset_kpc,R_eff_kpc,mass_10,sfr,log_ssfr,M_r,u_minus_r,metallicity,DM_NE2001,tau_NE2001_600,DM_YT20,dm_igm,DM_host_restframe,primary_mag,extinction_mags,frb_ra_err,frb_dec_err,a_error,b_error,theta,frb_coarse_ra,frb_coarse_dec,frb_ra_err_coarse,frb_dec_err_coarse,int,MJD,Width,SNR,poserr,DM_eg,Telescope,chime_event_id,ra_frb,dec_frb,b_err,a_err,tags,frb_survey,include,locnote,hgnote,desi_cutout,primary_id,secondary_id,primary_ra,primary_dec,primary_P_Ox,primary_z_phot_median,primary_z_phot_l95,primary_z_phot_u95,secondary_ra,secondary_dec,secondary_P_Ox,secondary_z_phot_median,secondary_z_phot_l95,secondary_z_phot_u95,secondary_z_spec,secondary_mag,l_prs_3ghz,primary_z_spec_source,flux,flux_err,fluence,fluence_err,dm_struct
0,82.99166666666666,33.147777777777776,557.0,0.1927,-0.22399579025578606,174.87832870595633,y,0.8,0.66,0.01,0.15,-8.99,-16.2,1.49,8.08,188.4272,0.14822530864197533,40.60767217045384,165.87374594780246,135.90289417434698,,,,,,,,,,,,,,,,,,,,,,,,,,,,,,,,,,,,,,,,,,,,,,,,,,,,
1,93.22683333333333,4.671055555555556,517.45,0.3304,-6.389941533517953,204.33679844995345,y,10.2,5.80,0.23,1.93,-9.08,-20.18,0.90,8.70,151.7233,0.06435956790123458,37.66352580641643,290.8312177621453,27.985535501682453,,,,,,,,,,,,,,,,,,,,,,,,,,,,,,,,,,,,,,,,,,,,,,,,,,,,
2,29.503125833333335,65.71675422222222,348.81,0.0337,3.7250308917353583,129.7108257567826,y,5.4,3.57,0.22,0.06,-10.58,-19.46,1.53,-,198.9577,0.14629629629629634,42.723326808202074,28.015832014078832,76.53394715847836,,,,,,,,,,,,,,,,,,,,,,,,,,,,,,,,,,,,,,,,,,,,,,,,,,,,
3,326.1052291666667,-40.90002777777778,361.42,0.3212,-49.41466406014762,0.7424471222357889,n,3.4,2.75,1.32,0.88,-10.18,-20.81,1.78,8.93,40.4973,0.001031635802469136,45.118040222837756,282.34761389142267,-4.952281345943393,,,,,,,,,,,,,,,,,,,,,,,,,,,,,,,,,,,,,,,,,,,,,,,,,,,,
4,322.41566666666665,-79.47569444444444,363.6,0.2912,-33.49306230594833,312.6537478490796,n,2.3,4.43,0.47,0.86,-9.74,-19.87,1.44,8.70,57.3996,0.002248456790123457,46.53530759468316,254.84685517460215,3.7315963682734727,,,,,,,,,,,,,,,,,,,,,,,,,,,,,,,,,,,,,,,,,,,,,,,,,,,,
5,334.01979166666666,-7.898222222222222,338.7,0.1178,-48.529561576596,53.20879216426407,n,6.5,2.84,1.16,0.69,-10.22,-21.22,1.40,8.85,37.2698,0.0009189814814814816,38.39047361256061,99.88203576888127,145.9632229545161,,,,,,,,,,,,,,,,,,,,,,,,,,,,,,,,,,,,,,,,,,,,,,,,,,,,
6,320.7454583333334,-79.39758333333334,321.4,0.3778,-33.281815030920406,312.9351803642976,n,11.7,2.15,0.35,0.27,-10.11,-19.29,1.29,8.71,57.8276,0.002287808641975309,46.764722128928554,334.5402203134766,-85.44966064915455,,,,,,,,,,,,,,,,,,,,,,,,,,,,,,,,,,,,,,,,,,,,,,,,,,,,
7,329.41949999999997,-80.35799999999999,593.1,0.522,-33.9022728028479,310.90779786407427,y,1.6,2.94,0.08,0.42,-9.29,-19.01,0.95,-,56.4874,0.0021658950617283955,45.74060069213176,469.4492664902045,14.075382928819828,,,,,,,,,,,,,,,,,,,,,,,,,,,,,,,,,,,,,,,,,,,,,,,,,,,,
8,183.9797,-13.021,504.1,0.2365,48.935858358405184,289.6971464553776,n,2.7,3.94,1.42,0.65,-10.34,-20.37,1.51,9.03,38.4912,0.000939814814814815,36.23334318315826,205.14605031857974,181.34201900385122,,,,,,,,,,,,,,,,,,,,,,,,,,,,,,,,,,,,,,,,,,,,,,,,,,,,
9,323.3516,-54.7477,714.9,0.234,-44.90395865956072,341.22750924545636,n,11.1,5.55,4.64,8.06,-9.76,-22.13,1.67,8.94,44.1741,0.0012322530864197533,46.6203115176785,202.90448043440298,341.3299092770814,,,,,,,,,,,,,,,,,,,,,,,,,,,,,,,,,,,,,,,,,,,,,,,,,,,,
10,344.43041666666664,-29.594083333333334,297.5,0.2432,-64.92435716895027,20.55537810587951,n,5.7,1.78,0.54,0.50,-10.03,-18.26,2.13,8.48,32.9466,0.0006372685185185186,36.56752021384664,211.20032079741,13.501897513467954,,,,,,,,,,,,,,,,,,,,,,,,,,,,,,,,,,,,,,,,,,,,,,,,,,,,
11,229.7064,12.3769,380.0,0.1608,52.503290109196286,17.140400394799595,n,1.7,1.64,0.21,0.26,-9.89,-18.25,2.08,8.88,27.1822,0.0006222222222222224,42.008297805840165,137.60162389500144,149.21423009920608,,,,,,,,,,,,,,,,,,,,,,,,,,,,,,,,,,,,,,,,,,,,,,,,,,,,
12,53.49616666666667,-14.083194444444445,577.8,0.3688,-49.99842966324767,202.2577185328811,n,5.9,7.58,1.33,0.48,-10.44,-21.49,1.22,8.76,35.8366,0.0007449845679012347,30.019839343267222,326.2410426138567,135.66811662980425,,,,,,,,,,,,,,,,,,,,,,,,,,,,,,,,,,,,,,,,,,,,,,,,,,,,
13,333.85312500000003,19.585277777777776,114.0,0.0087,-29.91572288530538,79.76334962895366,n,-,-,0.09,0.13,-9.84,-17.9,-,8.30,48.2512,0.001805555555555556,40.185351541575905,7.1848689290530405,18.220064964182672,,,,,,,,,,,,,,,,,,,,,,,,,,,,,,,,,,,,,,,,,,,,,,,,,,,,
14,149.47791395833332,68.81690358333333,87.8,0.0008,41.21666857441832,142.19751852068845,y,20.1,3.5,7.20,0.89,-10.91,-19.78,2.77,-,40.6717,0.0010825617283950618,30.584496291404832,0.8241197485403643,15.707118265442443,,,,,,,,,,,,,,,,,,,,,,,,,,,,,,,,,,,,,,,,,,,,,,,,,,,,
15,77.01461375,26.060695805555557,410.8,0.098,-8.523066628471913,177.76768450081806,y,1.3,-,1.70^{+0.08}_{-0.11},2.12^{+0.69}_{-0.28},-9.90,-20.41,2.06,9.03,139.9497,0.03963734567901235,35.84201914933283,82.74828834664264,138.67030282698042,,,,,,,,,,,,,,,,,,,,,,,,,,,,,,,,,,,,,,,,,,,,,,,,,,,,
16,207.065,72.46972222222223,760.8,0.66,44.001948610298186,117.03378432598625,n,27.2,3.28,46.49,0.09,-12.74,-22.69,2.20,-,37.178,0.0009351851851851854,31.79676244017797,599.9086438328188,55.371442004218764,,,,,,,,,,,,,,,,,,,,,,,,,,,,,,,,,,,,,,,,,,,,,,,,,,,,
17,199.8082083333333,-18.837805555555555,227.0,0.0469,43.54289199020826,312.02061266495576,,,,,,,-21.897355661035714,,,42.4707,0.0012345679012345683,40.997169447054205,39.119796548974165,99.73477314353963,14.97,0.20363302008047152,,,,,,,,,,,,,,,,,,,,,,,,,,,,,,,,,,,,,,,,,,,,,,,,,,
18,157.35091666666665,1.3609444444444445,206.0,0.0715,47.31578892888164,244.00763937716783,,,,,,,-21.297429061544634,,,38.7516,0.0009166666666666669,31.644840236775792,59.994432597171354,70.56381443402041,16.44,0.12051364922865973,,,,,,,,,,,,,,,,,,,,,,,,,,,,,,,,,,,,,,,,,,,,,,,,,,
19,299.22141666666664,-0.7623611111111112,251.9,0.1293,-14.877787619701783,39.861201353963544,,,,,,,-22.42060987066764,,,121.1697,0.015169753086419754,73.20065088642272,109.93572052303651,-46.40580130121246,17.17,0.6041199103939695,,,,,,,,,,,,,,,,,,,,,,,,,,,,,,,,,,,,,,,,,,,,,,,,,,
20,21:49:23.63,-52:58:15.4,589.0,0.4755,-47.69883929969448,342.59945983534124,,,,,,,-20.505456593339726,,,31.9272,0.0005831790123456791,34.2115504272883,425.7024410172629,65.84805730630212,21.756,0.06512725678705336,3.8,2.4,,,,21:49:06.4,-53:17:44,9,7 ,,,,,,,,,,,,,,,,,,,,,,,,,,,,,,,,,,,,,,,,,
21,,,294.0,,,,,,,,,,,,,,,,,,,,,,,,,21:46:47.0,-39:29:05.0,3,3 ,,,,,,,,,,,,,,,,,,,,,,,,,,,,,,,,,,,,,,,,,
22,22:39:55.01,-16:09:05.2,730.0,0.2145,-57.6464051767267,45.917459751139475,,,,,,,-16.97882854768796,,,29.5824,0.00048456790123456797,30.12713758915322,185.42023533782404,399.23443974723983,23.27,0.05235207379311218,0.42,0.42,0.418,0.417,73.1,22:39:36.0,-16:11:25,6,11 ,,,,,,,,,,,,,,,,,,,,,,,,,,,,,,,,,,,,,,,,,
23,,,398.3,,,,,,,,,,,,,,,,,,,,,,,,,00:27:43.2,-05:49:56,3,4 ,,,,,,,,,,,,,,,,,,,,,,,,,,,,,,,,,,,,,,,,,
24,13:37:50.10,-16:07:21.6,384.8,0.2797,45.30813384626908,318.87289687986333,,,,,,,-21.06585558068445,,,29.356,0.00048202160493827174,31.238237476009346,244.38987298006654,62.370781858188735,19.835,0.05149929523504699,0.46,0.46,0.47,0.45,43.7,13:37:16.8,-15:24:37,9,9 ,,,,,,,,,,,,,,,,,,,,,,,,,,,,,,,,,,,,,,,,,
25,05:14:36.23,+27:03:29.7,1785.3,,-6.752259647235814,177.80728823357242,,,,,,,,,,43.9141,0.0013611111111111113,33.129299358219214,,,,0.0864222854720977,0.7,0.76,0.89,0.53,-39.6,05:14:46.3,27:04:12,4,4 ,,,,,,,,,,,,,,,,,,,,,,,,,,,,,,,,,,,,,,,,,
26,,,651.5,,,,,,,,,,,,,,,,,,,,,,,,,18:04:37.7,01:19:44,3,3 ,,,,,,,,,,,,,,,,,,,,,,,,,,,,,,,,,,,,,,,,,
27,23:23:10.44,-30:24:20.1,1234.5,,-70.4141886124584,18.070886569707863,,,,,,,,,,33.9697,0.0004598765432098766,31.357783164596285,,,,0.0457366796168188,0.44,0.43,0.44,0.43,66.2,23:24:40.3,-30:29:33,9,5 ,,,,,,,,,,,,,,,,,,,,,,,,,,,,,,,,,,,,,,,,,
28,13:38:15.00,-31:22:49.0,636.2,0.3439,30.436078716312743,314.51845014717827,,,,,,,-21.156766061461923,,,28.6011,0.00045910493827160505,32.15056332406758,303.27998431157505,202.52128310466358,20.258,0.047490369210526254,0.44,0.44,0.44,0.44,80.7,13:37:52.8,-31:22:04,3,3 ,,,,,,,,,,,,,,,,,,,,,,,,,,,,,,,,,,,,,,,,,
29,13:55:12.81,+22:27:58.4,583.0,0.2785,74.80798864386607,18.5549953617062,,,,,,,-19.613608621136418,,,40.6209,0.001094135802469136,31.544459833040122,243.29870962063674,209.2576695708433,21.317,0.09193849974100762,1.05,1.37,1.51,0.82,-30.5,13:54:51.4,22:29:20,11,7 ,,,,,,,,,,,,,,,,,,,,,,,,,,,,,,,,,,,,,,,,,
30,23:29:31.00,-32:29:26.6,449.5,0.381,-71.47306928321254,11.177689228876693,,,,,,,-20.708549377657167,,,28.7465,0.00045979938271604944,31.294684411438283,337.4910390511192,37.63054057743848,20.979999999999997,0.06133410114987773,0.42,0.42,0.42,0.42,66.8,23:29:46.8,-32:27:41,3,3 ,,,,,,,,,,,,,,,,,,,,,,,,,,,,,,,,,,,,,,,,,
31,,,727.0,,,,,,,,,,,,,,,,,,,,,,,,,19:38:50.2,-60:17:48,10,20 ,,,,,,,,,,,,,,,,,,,,,,,,,,,,,,,,,,,,,,,,,
32,23:24:17.58,-33:30:49.9,1458.1,1.016,-70.1857465557732,8.839166437716143,,,,,,,-20.540315216149473,,,28.8184,0.0004624228395061729,31.311023515907735,923.0740447650342,235.5637558130248,23.72,0.058095049851281076,0.44,0.44,0.45,0.43,-53.6,23:24:04.4,-33:30:39,3,3 ,,,,,,,,,,,,,,,,,,,,,,,,,,,,,,,,,,,,,,,,,
33,23:33:15.65,-35:59:24.9,290.4,0.1926,-71.18630684828271,0.0016505229158555945,,,,,,,-22.139603795043573,,,29.1711,0.0004712962962962964,31.464842483016977,165.78408315243536,53.64747137728294,17.843,0.047242594349677036,0.46,0.45,0.46,0.44,-56.1,23:33:32.1,-36:07:51,10,21 ,,,,,,,,,,,,,,,,,,,,,,,,,,,,,,,,,,,,,,,,,
34,01:10:22.11,-70:48:41.0,656.8,0.491,-46.23418997702945,300.68510777954333,,,,,,,-18.730698724587434,,,41.6727,0.0010794753086419756,39.50207080249647,440.1955820818324,90.83141993002755,23.63,0.08122483178768916,0.43,0.45,0.46,0.43,-20.4,01:10:57.9,-70:47:06,2,2 ,,,,,,,,,,,,,,,,,,,,,,,,,,,,,,,,,,,,,,,,,
35,03:46:49.15,-25:34:11.3,343.8,0.2044,-50.878822281704615,220.9009755456745,,,,,,,-21.776695465736204,,,29.1397,0.00048695987654320995,32.73811021525087,176.3642930057498,87.6435542834601,18.351,0.048422023736797236,0.58,0.55,0.60,0.53,-58.1,03:46:38.1,-25:39:45,3,3 ,,,,,,,,,,,,,,,,,,,,,,,,,,,,,,,,,,,,,,,,,
36,,,640.2,,,,,,,,,,,,,,,,,,,,,,,,,21:51:00.3,-02:23:10,3,4 ,,,,,,,,,,,,,,,,,,,,,,,,,,,,,,,,,,,,,,,,,
37,01:28:55.83,-52:43:02.4,361.4,0.157,-63.472102989022204,290.17096006050537,,,,,,,-18.402201783528977,,,32.7591,0.0006222993827160495,35.828247220901964,134.23936299255027,137.0555659347863,21.08,0.036723816098767015,0.43,0.42,0.43,0.42,-65.3,01:29:27.5,-52:46:08,2,2 ,,,,,,,,,,,,,,,,,,,,,,,,,,,,,,,,,,,,,,,,,
38,20:12:27.73,-55:21:22.6,411.51,0.105,-33.38769640045806,342.62880067860107,,,,,,,-15.906870281319481,,,32.7282,0.0006169753086419754,34.69532374989842,88.8037627099784,231.0250801268083,22.65,0.05653453555281815,0.46,0.44,0.467,0.433,-63.2,20:12:56.9,-55:22:59,2,2 ,,,,,,,,,,,,,,,,,,,,,,,,,,,,,,,,,,,,,,,,,
39,08:32:38.86,-40:27:07.0,477.0,0.035,-0.3666011422073623,259.46290825835763,,,,,,,,,,29.6895,0.0004972993827160495,33.478417241585085,29.104781847388953,371.7171989478512,,0.07053122041238878,0.60,0.61,0.61,0.60,-20.4,08:30:27.1,-41:00:13,18,18 ,,,,,,,,,,,,,,,,,,,,,,,,,,,,,,,,,,,,,,,,,
40,11:38:24.35,-56:47:56.6,701.1,,4.660724088916387,293.0206332258541,,,,,,,,,,33.3645,0.0006476080246913582,35.50920424695516,,,,0.05829629742272793,0.55,0.56,0.56,0.55,-42.6,11:38:40.1,-56:58:19,3,14 ,,,,,,,,,,,,,,,,,,,,,,,,,,,,,,,,,,,,,,,,,
41,03:28:33.55,-47:20:00.6,440.1,0.3619,-53.33873551014794,256.9905521603333,,,,,,,-20.01493600584778,,,31.2665,0.0005606481481481482,34.847168581897144,319.87833971081477,39.72978317592195,21.522,0.040475882228336285,0.68,0.57,0.69,0.55,-72.3,03:29:28.1,-47:33:46,4,6 ,,,,,,,,,,,,,,,,,,,,,,,,,,,,,,,,,,,,,,,,,
42,,,509.7,,,,,,,,,,,,,,,,,,,,,,,,,19:44:00.8,-64:38:56,3,3 ,,,,,,,,,,,,,,,,,,,,,,,,,,,,,,,,,,,,,,,,,
43,10:21:27.30,+06:06:36.9,329.9,0.1569,48.645821973198515,236.5768186336059,,,,,,,-20.503827686465083,,,32.9472,0.0006512345679012347,31.135655971053204,134.1508824424858,113.80954411484221,18.99,0.04986598482544415,0.48,0.51,0.511,0.479,-13.2,10:21:07.6,06:07:46,7,3 ,,,,,,,,,,,,,,,,,,,,,,,,,,,,,,,,,,,,,,,,,
44,09:59:37.34,+14:05:16.9,374.5,0.042729,47.9691658838058,222.13351863847174,,,,,,,-19.70138455101351,,,35.7047,0.0008047839506172841,31.376851659458055,35.60394533586725,260.6760749961636,16.97,0.21640992079124294,0.48,0.51,0.52,0.46,-30.0,10:01:49.1,13:54:49,7,5 ,,,,,,,,,,,,,,,,,,,,,,,,,,,,,,,,,,,,,,,,,
45,10:36:55.11,-00:57:16.0,260.2,,47.166705615240694,248.39448266843007,,,,,,,,,,31.494,0.0005731481481481483,31.020511094579845,,,,0.059388957287422356,0.9,1.60,1.59,0.55,-6.5,10:36:46.5,-00:33:50,4,10 ,,,,,,,,,,,,,,,,,,,,,,,,,,,,,,,,,,,,,,,,,
46,00:35:07.10,-28:16:14.7,283.73,0.023686,-86.211564856287,14.439581956997664,,,,,,,-20.057333792897346,,,29.2195,0.0004969135802469136,33.24567743756915,19.639944942542215,196.95969039323444,15.13,0.04369032946736422,0.53,0.51,0.55,0.49,-54.1,00:39:55.0,-27:39:35,14,7 ,,,,,,,,,,,,,,,,,,,,,,,,,,,,,,,,,,,,,,,,,
47,09:05:19.40,-16:09:59.9,652.6,,20.14979703907054,244.34760268741297,,,,,,,,,,29.729,0.0004928240740740741,31.373913009100523,,,20.723,0.06503427502090811,0.75,0.65,0.81,0.56,-57.0,09:05:19.3,-16:13:42,7,10 ,,,,,,,,,,,,,,,,,,,,,,,,,,,,,,,,,,,,,,,,,
48,01:10:29.25,-44:26:21.9,601.8,0.127,-72.27128843562265,291.7066240793541,,,,,,,-18.83514889571315,,,30.9146,0.0005486882716049384,34.74804717268102,107.92498357220546,379.95773669486556,20.143,0.03381126338457375,0.57,0.57,0.59,0.55,-48.6,01:10:57.7,-44:24:05,3,5 ,,,,,,,,,,,,,,,,,,,,,,,,,,,,,,,,,,,,,,,,,
49,10:01:34.36,+37:36:58.9,256.4,,52.97379807914559,185.56856047020034,,,,,,,,,,58.7408,0.0026697530864197537,34.680464954697015,,,,0.14941095501847765,0.54,0.79,0.82,0.50,-19.3,10:01:50.6,37:36:49,3,"3 \ 
    ",,,,,,,,,,,,,,,,,,,,,,,,,,,,,,,,,,,,,,,,,
50,255.3395833333333,-49.54522222222222,565.17,0.066,-4.5968518887831165,338.19193306659514,,,,,,,-22.8,,,516.1448,0.8672839506172841,143.89654669427006,55.31488356769131,-140.88764564911955,,,,,,,,,,,,,,,,,,,,,,,,,,,,,,,,,,,,,,,,,,,,,,,,,,,,
51,326.08624999999995,-79.31819444444444,578.78,0.1415,-34.129395787550386,312.32221628071824,,,,,,,-18.548967418764285,,,56.1932,0.002141203703703704,46.02016925615201,120.6013686970099,311.83991418908283,20.65,0.0,,,,,,,,,,,,,,,,,,,,,,,,,,,,,,,,,,,,,,,,,,,,,,,,,,
52,32.17791667,71.035,110.95,0.011228,9.10706121454355,129.18298840272473,,,,,,,-20.2,,,139.7375,0.03468364197530865,39.411300736246574,9.279007922811807,-76.61754684310401,,,,,,,,,,,,220319aaeb,59657.932756968,0.16,79.0,0.6,,,,,,,,,,,,,,,,,,,,,,,,,,,,,,,,,,,,
53,282.05679167,73.33691389,630.703,0.1139,26.13010553773556,104.30803693880434,,,,,,,-19.97,,,54.6831,0.0023935185185185188,36.88124357645262,96.50286582907675,397.37480078505297,,,,,,,,,,,,220914aabz,59836.1459661151,0.524288,9.64463,0.93,,,,,,,,,,,,,,,,,,,,,,,,,,,,,,,,,,,,
54,282.67,70.24383333,270.26,0.0894,25.476400535971187,100.94319404559985,,,,,,,-20.79,,,55.6079,0.002503858024691358,37.6900375618451,75.33175354221277,93.2901678868571,,,,,,,,,,,,220426aaaw,59708.4944990805,0.524288,21.5075,2.2,,,,,,,,,,,,,,,,,,,,,,,,,,,,,,,,,,,,
55,310.199525,72.88232722,263.0,0.04304,18.38959215248935,106.93849733983392,,,,,,,-20.23,,,76.0997,0.005127314814814816,39.224428813883065,35.86554699016051,107.19658325275775,,,,,,,,,,,,220207aabh,59617.8085036402,0.524288,59.9635,0.63,,,,,,,,,,,,,,,,,,,,,,,,,,,,,,,,,,,,
56,350.87449583,72.19238611,499.328,0.248123,10.471796758012811,116.2459452742109,,,,,,,-20.88,,,128.2243,0.021736111111111116,41.09917676669419,215.67681847947077,91.59970992749516,,,,,,,,,,,,220307aaae,59645.8456342526,0.524288,11.9059,1.72,,,,,,,,,,,,,,,,,,,,,,,,,,,,,,,,,,,,
57,134.7205,73.49083333,462.657,0.477958,34.79801366439564,140.02437119854702,,,,,,,-20.63,,,46.3394,0.0014699074074074076,31.136122290522195,427.9983152470413,-28.97026677183217,,,,,,,,,,,,220310aaam,59648.2417207443,1.048576,68.41,1.9,,,,,,,,,,,,,,,,,,,,,,,,,,,,,,,,,,,,
58,219.105575,70.09594444,624.124,0.622,44.46716852171675,110.75309145783038,,,,,,,-21.34,,,36.6542,0.0009135802469135805,32.315487719671715,563.8218736066577,-5.343749276405319,,,,,,,,,,,,220418aaai,59687.3557284763,1.048576,10.8782,1.356,,,,,,,,,,,,,,,,,,,,,,,,,,,,,,,,,,,,
59,318.04483333,72.82727778,396.651,0.30039,16.51344426069766,108.35440989938549,,,,,,,-19.46,,,84.5563,0.006542438271604939,39.746472592717794,263.2033479022354,7.03241297229817,,,,,,,,,,,,220506aabd,59705.5970129235,0.524288,48.9187,1.11,,,,,,,,,,,,,,,,,,,,,,,,,,,,,,,,,,,,
60,311.98145,72.58496944,649.893,0.241397,17.78524738613183,106.99499330357716,,,,,,,-18.31,,,78.4804,0.005511574074074075,39.467305364420326,209.56084784986672,259.6948814808743,,,,,,,,,,,,220825aaad,59816.2572924695,1.048576,15.0645,0.78,,,,,,,,,,,,,,,,,,,,,,,,,,,,,,,,,,,,
61,240.25708333,70.91880028,314.976977839954,0.158239,38.89332117728301,104.92312676414824,,,,,,,-19.96,,,39.8597,0.001131172839506173,33.68447994472716,135.33563700784947,91.60213124180531,,,,,,,,,,,,220920aacl,59842.9815705163,0.524288,14.3507,1.02,,,,,,,,,,,,,,,,,,,,,,,,,,,,,,,,,,,,
62,280.79870833,70.52420833,440.357705236579,0.284669,26.139857546918464,101.14511610502582,,,,,,,-20.94,,,54.346,0.002371913580246914,37.430238288300615,248.90819859090544,77.5867311792944,,,,,,,,,,,,221012aaab,59864.0510912293,2.097152,9.41028,1.12,,,,,,,,,,,,,,,,,,,,,,,,,,,,,,,,,,,,
63,,,612.2,0.4,,,,,,,,,-18.751414825952246,,,20.700000000000045,,30.0,355.1823009243959,147.36978505400293,23.0,0.0,,,,,,,,,,,,,,,561.5,DSA-110,,,,,,,,,,,,,,,,,,,,,,,,,,,,,,,,,,
64,,,468.1,0.3714,,,,,,,,,-18.212270852400962,,,8.600000000000023,,30.0,328.6385828381913,73.5463155620597,23.35,0.0,,,,,,,,,,,,,,,429.5,DSA-110,,,,,,,,,,,,,,,,,,,,,,,,,,,,,,,,,,
65,,,686.55,0.361,,,,,,,,,-20.54014306747975,,,59.549999999999955,,30.0,319.0484219408528,204.22599416542778,20.95,0.0,,,,,,,,,,,,,,,597.0,DSA-110,,,,,,,,,,,,,,,,,,,,,,,,,,,,,,,,,,
66,,,1391.05,0.975,,,,,,,,,-20.192041363948526,,,13.950000000000045,,30.0,899.2992775074099,226.73454303422278,23.9,0.0,,,,,,,,,,,,,,,1347.1,DSA-110,,,,,,,,,,,,,,,,,,,,,,,,,,,,,,,,,,
67,,,490.7,0.2395,,,,,,,,,-21.6560131053805,,,101.19999999999999,,30.0,207.8359341795919,122.35906883453659,18.81,0.0,,,,,,,,,,,,,,,359.5,DSA-110,,,,,,,,,,,,,,,,,,,,,,,,,,,,,,,,,,
68,,,411.4,0.2505,,,,,,,,,-19.19647069687048,,,61.69999999999999,,30.0,217.83823123394131,81.45683227993497,21.38,0.0,,,,,,,,,,,,,,,319.7,DSA-110,,,,,,,,,,,,,,,,,,,,,,,,,,,,,,,,,,
69,,,640.6,0.2764,,,,,,,,,-20.279866973518466,,,102.30000000000001,,30.0,241.38917374163455,209.11221110808955,20.54,0.0,,,,,,,,,,,,,,,508.3,DSA-110,,,,,,,,,,,,,,,,,,,,,,,,,,,,,,,,,,
70,,,706.7,0.554,,,,,,,,,-19.983965281748567,,,14.400000000000091,,30.0,499.64661813755623,104.66755589603842,22.61,0.0,,,,,,,,,,,,,,,662.3,DSA-110,,,,,,,,,,,,,,,,,,,,,,,,,,,,,,,,,,
71,,,608.9,0.271,,,,,,,,,-21.360905574263914,,,7.600000000000023,,30.0,236.47893862420048,263.43120485900823,19.41,0.0,,,,,,,,,,,,,,,571.3,DSA-110,,,,,,,,,,,,,,,,,,,,,,,,,,,,,,,,,,
72,,,532.5,0.301,,,,,,,,,-19.172335436166115,,,95.60000000000002,,30.0,263.75802260994556,110.02457908536083,21.86,0.0,,,,,,,,,,,,,,,406.9,DSA-110,,,,,,,,,,,,,,,,,,,,,,,,,,,,,,,,,,
73,,,451.2,0.327,,,,,,,,,-20.94018607373268,,,9.199999999999989,,30.0,287.69597285339995,93.67296695297668,20.3,0.0,,,,,,,,,,,,,,,412.0,DSA-110,,,,,,,,,,,,,,,,,,,,,,,,,,,,,,,,,,
74,,,345.15,0.1265,,,,,,,,,-18.785079352811643,,,9.149999999999977,,30.0,107.48786684376392,176.220269113392,20.15,0.0,,,,,,,,,,,,,,,306.0,DSA-110,,,,,,,,,,,,,,,,,,,,,,,,,,,,,,,,,,
75,,,586.96,0.4525,,,,,,,,,-20.608183145146008,,,9.160000000000082,,30.0,404.21948443268093,98.850613127242,21.46,0.0,,,,,,,,,,,,,,,547.8,DSA-110,,,,,,,,,,,,,,,,,,,,,,,,,,,,,,,,,,
76,,,438.9,0.07,,,,,,,,,-22.17862539580382,,,13.799999999999955,,30.0,58.71819195276771,314.37552153946945,15.39,0.0,,,,,,,,,,,,,,,395.1,DSA-110,,,,,,,,,,,,,,,,,,,,,,,,,,,,,,,,,,
77,,,396.7,0.2625,,,,,,,,,-22.201987053435705,,,10.199999999999989,,30.0,228.74986482823934,101.1882258786223,18.49,0.0,,,,,,,,,,,,,,,356.5,DSA-110,,,,,,,,,,,,,,,,,,,,,,,,,,,,,,,,,,
78,,,357.4,0.1185,,,,,,,,,-19.53207485819432,,,10.099999999999966,,30.0,100.4939991886994,193.8363887450162,19.25,0.0,,,,,,,,,,,,,,,317.3,DSA-110,,,,,,,,,,,,,,,,,,,,,,,,,,,,,,,,,,
79,65.68333333333332,73.66444444444446,189.4,0.068,16.637523050657027,136.4585162478116,,,,,,,-20.78,,,87.5503,0.006934413580246915,35.30056288509081,57.01653776022951,8.925654826479109,,,,,,,,,,,,,,,,,,,,,,,,,,,,,,,,,,,,,,,,,,,,,,,,,,,,
80,8.269499999999999,28.83111111111111,201.8,0.0602,-33.86791781726206,118.08861963852904,,,,,,,-21.15,,,45.5719,0.0014776234567901237,32.99389899428782,50.38008640933053,68.71733125484026,,,,,,,,,,,,,,,,,,,,,,,,,,,,,,,,,,,,,,,,,,,,,,,,,,,,
81,158.58374999999998,73.75138888888888,103.5,0.004,40.05688384621478,134.81279992635143,,,,,,,-19.1,,,41.0655,0.0011280864197530866,30.93003917505513,3.2991950917510375,28.09289415656757,,,,,,,,,,,,,,,,,,,,,,,,,,,,,,,,,,,,,,,,,,,,,,,,,,,,
82,348.71666666666664,48.34027777777778,209.4,0.0275,-11.48816628500851,106.82499792168566,,,,,,,-19.71,,,118.4717,0.015640432098765436,42.63755868250136,22.82399354033511,24.78515598750708,,,,,,,,,,,,,,,,,,,,,,,,,,,,,,,,,,,,,,,,,,,,,,,,,,,,
83,180.92916666666665,27.552500000000002,112.5,0.0302,79.397982186427,207.90024715581328,,,,,,,-18.85,,,19.9345,0.00029436728395061733,30.91072715526269,25.084044001320827,35.49866903845514,,,,,,,,,,,,,,,,,,,,,,,,,,,,,,,,,,,,,,,,,,,,,,,,,,,,
84,65.81666666666666,16.06722222222222,184.5,0.0715,-22.892037504712945,179.29672785796583,,,,,,,-20.93,,,70.2136,0.0034143518518518524,31.674712173968828,59.994432597171354,21.108031011535065,,,,,,,,,,,,,,,,,,,,,,,,,,,,,,,,,,,,,,,,,,,,,,,,,,,,
85,255.67499999999998,21.57638888888889,128.2,0.0312,33.07868749394377,42.10390365352613,,,,,,,-20.95,,,48.685,0.0020439814814814817,48.57322020350607,25.921697719251682,4.868194411600307,,,,,,,,,,,,,,,,,,,,,,,,,,,,,,,,,,,,,,,,,,,,,,,,,,,,
86,77.0146125,26.060694444444444,413.0,0.09795,-8.523068336291589,177.76768494951372,,,,,,,-20.72223467705482,,,139.9497,0.03963734567901235,35.84201842067819,82.70503495833309,140.71974736644538,19.65,2.032941314291591,,,,,,,,,,,,,,,,,,,,,,,,,,,,,,,,,,,,,,,,,,,,,,,,,,
87,347.2704166666666,48.707055555555556,413.0,0.0771,-10.783796021387358,106.06512872017737,,,,,,,-18.79080815474657,,,125.2034,0.018379629629629635,43.25218765478691,64.78696502082293,166.89021198067977,19.65,0.651794038899004,,,,,,,,,,,,,,,,,,,,,,,,,,,,,,,,,,,,,,,,,,,,,,,,,,
88,289.887734875,86.06444442222222,176.518,0.1384,,,,,,,,,-22.30665237814522,,,55.5071,0.0023842592592592596,34.56135883884437,117.89124498067241,-27.619205744480656,16.84,0.0,,,,,,,,,,,,,,,,,,,,,,,,,,,,,,,,,,,,,,,,,,,,,,,,,,
89,10.274058,21.22627,500.18,0.177,,,,,,,,,-22.03,,,39.5332,0.0010347222222222225,31.78808069420397,151.9354730054512,235.27888385755713,,,,,,,,,,,,,,,,,,,,,,,,,,,,,,,,,,,,,,,,,,,,,,,,,,,,
90,,,417.302,0.1464,54.08703014189961,188.71254379168025,,,,,,,-21.394735601878313,,,36.2627,0.0007456790123456,29.373145088408023,124.88511263573693,197.82016946602846,17.921295,0.0365175014281542,,,,,10.148386,,,,,,,,,,,,268786306.0,151.661594,35.694096,0.000556,0.004994,CHIME-KKO,CHIME/FRB,yes,,,https://www.legacysurvey.org/viewer%20dr9%20photo%20z?ra=151.661594&dec=35.694096&layer=ls-dr9&zoom=15&sga-parent&photoz-dr9&targets-dr9-main-dark&targets-dr9-main-bright&targets-dr9-main-sec-dark&targets-dr9-main-sec-bright,DECaL 9907733624065102,DECaL 9907733624065085,151.663819740414,35.6971497903181,0.938327373046383,0.1393425911664962,0.0970510616898536,0.1816341206431388,151.66276619081,35.69705429831,0.0296341092000253,0.0720719620585441,0.0,0.4622257575392723,0.0,22.283922,$<4\times10^{29}$,Keck-2023B-3,6.15,0.65,173.03,17.4,420.05
91,,,708.442,0.1223,8.695736258575959,204.71637331558657,,,,,,,-21.52449136219109,,,134.1985,0.0331944444444444,36.60749362207741,103.81608632485506,386.5454157115455,17.5272006988525,0.1957677304110211,,,,,7.575682,,,,,,,,,,,,272350056.0,106.960358,11.224524,0.000556,0.005935,CHIME-KKO,CHIME/FRB,yes,,,https://www.legacysurvey.org/viewer%20dr9%20photo%20z?ra=106.960358&dec=11.224524&layer=ls-dr9&zoom=15&sga-parent&photoz-dr9&targets-dr9-main-dark&targets-dr9-main-bright&targets-dr9-main-sec-dark&targets-dr9-main-sec-bright,Pan-STARRS 121461069605007945,Pan-STARRS 121461069590820162,106.96049181,11.22287696,0.985382043392422,-1.0,-1.0,-1.0,106.9590728,11.21641235,0.0063387094968672,-1.0,-1.0,-1.0,-1.0,21.4887008666992,$<3\times10^{29}$,Lick-2023B-1,4.47,0.47,129.17,12.97,706.06
92,,,188.034,0.11,49.978718058566095,49.61757478939565,,,,,,,-21.275328105070958,,,27.733,0.0006541666666666,38.41679498080869,93.12910154093254,25.905498629061945,17.422754,0.0896148756746187,,,,,9.886957,,,,,,,,,,,,272367619.0,238.739123,30.898695,0.000556,0.003194,CHIME-KKO,CHIME/FRB,yes,,,https://www.legacysurvey.org/viewer%20dr9%20photo%20z?ra=238.739123&dec=30.898695&layer=ls-dr9&zoom=15&sga-parent&photoz-dr9&targets-dr9-main-dark&targets-dr9-main-bright&targets-dr9-main-sec-dark&targets-dr9-main-sec-bright,DECaL 10995642118704500,DECaL 10995642118704491,238.737954285233,30.899874154744,0.980619002624006,0.0892140418291091,0.0468502566218376,0.1315778270363807,238.737395958022,30.8989047684493,0.0012815929745834,0.2435727715492248,0.0,1.0376132130622864,-99.0,23.530993,$<2\times10^{29}$,Lick-2023B-1,91.35,9.14,37.55,3.8,187.75
93,,,364.341217,0.1918,16.039470192097202,157.71337422755752,,,,,,,-20.94925997822652,,,92.4559,0.0079938271604938,33.8640954957948,165.0667807894988,61.2136606097553,19.37691,0.4008584996501103,,,,,9.675111,,,,,,,,,,,,275629567.0,91.109662,55.945953,0.000556,0.004372,CHIME-KKO,CHIME/FRB,yes,,,https://www.legacysurvey.org/viewer%20dr9%20photo%20z?ra=91.109662&dec=55.945953&layer=ls-dr9&zoom=15&sga-parent&photoz-dr9&targets-dr9-main-dark&targets-dr9-main-bright&targets-dr9-main-sec-dark&targets-dr9-main-sec-bright,DECaL 9907738929007371,DECaL 9907738929007339,91.1104487435443,55.944897871709,0.773593560666784,0.237085536122322,0.1798536106944084,0.2943174615502357,91.1080551030214,55.9466668108695,0.184784774089997,0.3112274706363678,0.1080226302146911,0.5144323110580444,0.0,20.20699,$<5\times 10^{29}$,Keck-2023B-3,9.47,0.97,12.18,1.29,-
94,,,290.745,0.1184,67.47501757136324,137.209784720864,,,,,,,-20.736718494093246,,,26.9276,0.0004837962962962,30.51594733084974,100.40657584301111,118.82589129661939,18.081713,0.0383299706960532,,,,,9.727547,,,,,,,,,,,,300938875.0,184.624449,48.729933,0.000556,0.005593,CHIME-KKO,CHIME/FRB,yes,,,https://www.legacysurvey.org/viewer%20dr9%20photo%20z?ra=184.624449&dec=48.729933&layer=ls-dr9&zoom=15&sga-parent&photoz-dr9&targets-dr9-main-dark&targets-dr9-main-bright&targets-dr9-main-sec-dark&targets-dr9-main-sec-bright,DECaL 9907737266488158,DECaL 9907737266488178,184.622791878904,48.7250340415453,0.973473298817832,0.0975075736641883,0.0450362376868724,0.1499789096415043,184.624340000552,48.7261076890325,0.0230215703567853,0.5781655311584473,0.3449914008378982,0.8113396614789963,0.0,21.658844,$<2\times10^{29}$,Keck-2023B-3,9.36,0.97,8.45,0.93,291.27
95,,,312.581,0.2115,-17.816449132123573,158.81664054389282,,,,,,,-20.1832027730032,,,85.1562,0.0060941358024691,33.3283560105092,182.73035147681188,9.38183451314812,21.7745990753173,1.795596403558393,,,,,9.909355,,,,,,,,,,,,306528286.0,54.664564,33.159296,0.000556,0.003393,CHIME-KKO,CHIME/FRB,yes,,,https://www.legacysurvey.org/viewer%20dr9%20photo%20z?ra=54.664564&dec=33.159296&layer=ls-dr9&zoom=15&sga-parent&photoz-dr9&targets-dr9-main-dark&targets-dr9-main-bright&targets-dr9-main-sec-dark&targets-dr9-main-sec-bright,Pan-STARRS 147790546649113381,Pan-STARRS 147760546563249532,54.6649046,33.16066432,0.951930573919901,0.3192104,0.0,0.644545759030286,54.65632594,33.14076205,2.25750101508312e-08,-1.0,-1.0,-1.0,-1.0,20.0361995697021,$<8\times10^{29}$,Keck-2023B-3,43.88,4.41,37.07,3.82,312.51
96,,,222.8102264,0.0553,27.48398832577433,68.23528265660796,,,,,,,-21.665569140818818,,,52.62,0.0022638888888888,43.99948073846618,46.22201183003261,75.7781994044359,15.458912,0.0900315560474441,,,,,8.87811,,,,,,,,,,,,321977347.0,269.124876,41.814304,0.000556,0.00499,CHIME-KKO,CHIME/FRB,yes,,,https://www.legacysurvey.org/viewer%20dr9%20photo%20z?ra=269.124876&dec=41.814304&layer=ls-dr9&zoom=15&sga-parent&photoz-dr9&targets-dr9-main-dark&targets-dr9-main-bright&targets-dr9-main-sec-dark&targets-dr9-main-sec-bright,DECaL 9907735417918096,DECaL 9907735417918129,269.124186336877,41.8099992472618,0.995846999602502,0.0584751665592193,0.0354570057243108,0.0814933273941278,269.127482115693,41.8135899574552,0.0020463987089983,0.0828924924135208,0.0,0.3101043254137039,0.0,20.396406,$ 4\times10^{28}$,Lick-2024A-1,26.78,2.78,28.41,3.08,222.77
97,,,188.8427887,0.0713,44.35315364395239,57.16529628606872,,,,,,,-19.832887168536644,,,33.4704,0.0009305555555555,39.13591688835572,59.82426717791754,52.6577099166683,17.81934,0.04169403471163,,,,,10.48241692,,,,,,,,,,,,325140573.0,246.0280041,35.44871213,0.0005555555556,0.003164149154,CHIME-KKO,CHIME/FRB,yes,,,https://www.legacysurvey.org/viewer%20dr9%20photo%20z?ra=246.0280040755&dec=35.4487121287435&layer=ls-dr9&zoom=15&sga-parent&photoz-dr9&targets-dr9-main-dark&targets-dr9-main-bright&targets-dr9-main-sec-dark&targets-dr9-main-sec-bright,DECaL 9907733567310903,DECaL 9907733567310887,246.027571915643,35.4469885451962,0.98462411658151,0.104210652410984,0.0667608641088008,0.1416604407131672,246.02618282296,35.4458832751524,0.0052047450371387,0.5525639057159424,0.0,1.115426480770111,0.0,22.138416,$<7\times10^{28}$,Lick-2024A-1,221.19,22.13,60.02,6.05,189.39
98,,,186.4165344,0.0783,-20.942985636399055,127.22869984120946,,,,,,,-20.077385338980772,,,70.3502,0.0039791666666666,35.02813768454709,65.81572487656828,14.117102697657995,17.9237003326416,0.1767526249580172,,,,,13.73469531,,,,,,,,,,,,326456063.0,18.2411005,41.74909795,0.0005555555556,0.003193388357,CHIME-KKO,CHIME/FRB,yes,,,https://www.legacysurvey.org/viewer%20dr9%20photo%20z?ra=18.2411005031846&dec=41.7490979473684&layer=ls-dr9&zoom=15&sga-parent&photoz-dr9&targets-dr9-main-dark&targets-dr9-main-bright&targets-dr9-main-sec-dark&targets-dr9-main-sec-bright,Pan-STARRS 158090182417819186,Pan-STARRS 158120182416650397,18.24170617,41.74899511,0.991332668158406,0.07240619,0.0486153438595075,0.0961970361404924,18.24179007,41.76653604,3.12330330952086e-08,-1.0,-1.0,-1.0,-1.0,19.2996006011962,$<1\times10^{29}$,Keck-2023B-3,129.53,12.96,58.32,5.86,186.30
99,,,344.1224976,0.245,-21.651900737590765,100.60979893090294,,,,,,,-20.483346112446394,,,64.5507,0.0035316358024691,39.15779087039661,212.8370658365547,22.150153327749923,20.3647003173828,0.3262334139362609,,,,,9.407498,,,,,,,,,,,,328261629.0,346.754287,36.652682,0.000556,0.003645,CHIME-KKO,CHIME/FRB,yes,,,https://www.legacysurvey.org/viewer%20dr9%20photo%20z?ra=346.754287&dec=36.652682&layer=ls-dr9&zoom=15&sga-parent&photoz-dr9&targets-dr9-main-dark&targets-dr9-main-bright&targets-dr9-main-sec-dark&targets-dr9-main-sec-bright,Pan-STARRS 151973467535638727,Pan-STARRS 151963467484361364,346.75331402,36.64844663,0.918164518122892,0.25075325,0.1056690979370088,0.3958374020629912,346.74848156,36.63395844,3.81261955834066e-07,-1.0,-1.0,-1.0,-1.0,21.0354995727539,$<1\times10^{30}$,Lick-2024B-1,33.6,3.37,8.19,0.86,344.19
100,,,368.3849487,0.3238,29.433995109148803,93.43323971732984,,,,,,,-20.370589290315767,,,48.5887,0.001841049382716,37.73107173420525,284.7451541157573,-2.0244577352791775,20.929941,0.0850875301339928,,,,,9.952713,,,,,,,,,,,,330976597.0,270.788071,63.989077,0.000556,0.007113,CHIME-KKO,CHIME/FRB,yes,,,https://www.legacysurvey.org/viewer%20dr9%20photo%20z?ra=270.788071&dec=63.989077&layer=ls-dr9&zoom=15&sga-parent&photoz-dr9&targets-dr9-main-dark&targets-dr9-main-bright&targets-dr9-main-sec-dark&targets-dr9-main-sec-bright,DECaL 9907740469102043,DECaL 9907740469102130,270.786050004485,63.9855680327795,0.9252945761548,0.3643682897090912,0.2244441360235214,0.504292443394661,270.798141894239,64.0078341712766,0.0015828501168216,0.8600261211395264,0.3673417270183563,1.3527105152606964,0.0,22.921728,$<2\times10^{30}$,V/147/sdss12,5.97,0.64,5.23,0.61,368.66
101,,,302.0675659,0.0729,-15.742749926584564,199.30944205140392,,,,,,,-20.161603709458106,,,89.7486,0.0070841049382716,33.82146042129261,61.18630552571421,109.34029262092754,18.2943000793457,0.7947853400278461,,,,,6.842796134,,,,,,,,,,,,338403209.0,82.6232485,4.475540697,0.0005555555556,0.004515251814,CHIME-KKO,CHIME/FRB,yes,,,https://www.legacysurvey.org/viewer%20dr9%20photo%20z?ra=82.6232485043855&dec=4.47554069667685&layer=ls-dr9&zoom=15&sga-parent&photoz-dr9&targets-dr9-main-dark&targets-dr9-main-bright&targets-dr9-main-sec-dark&targets-dr9-main-sec-bright,Pan-STARRS 113360826227259720,Pan-STARRS 113360826213986510,82.62263245,4.47438422,0.955909515968446,0.06860938,0.0508461856385368,0.0863725743614631,82.62160756,4.47172376,0.0261723594285503,-1.0,-1.0,-1.0,-1.0,21.167100906372,$<9\times10^{28}$,Lick-2024B-1,52.66,5.31,56.84,5.85,302.06
102,,,332.4,0.1079,73.22400427801314,105.68523472327594,,,,,,,-21.312791414146236,,,25.0063,0.0004310185185185,31.32360798116683,91.3124592319318,166.76381693916542,17.306005,0.0551673322459196,,,,,9.904935674,,,,,,,,,,,,339589360.0,199.5782006,42.9927075,0.0005555555556,0.008303263977,CHIME-KKO,CHIME/FRB,yes,,Potential PRS candidate; potential repeater of FRB20191106C,https://www.legacysurvey.org/viewer%20dr9%20photo%20z?ra=199.578200643526&dec=42.9927074964711&layer=ls-dr9&zoom=15&sga-parent&photoz-dr9&targets-dr9-main-dark&targets-dr9-main-bright&targets-dr9-main-sec-dark&targets-dr9-main-sec-bright,DECaL 9907735753852365,DECaL 9907735753852318,199.580129488901,42.9997130685679,0.984675201253371,0.1168547719717025,0.0732319019734859,0.1604776419699192,199.57488012743,42.9791717768237,0.0050841803421059,0.4944689869880676,0.4010461121797561,0.5878918617963791,0.0,21.445442,$ 2\times10^{29}$,Lick-2024A-1,2.77,0.32,67.68,6.87,331.61
103,,,169.4328156,0.119,-22.770232165518152,163.0405267920158,,,,,,,-19.794694725196692,,,69.9521,0.0034837962962962,32.06917495802895,100.93111591714094,-29.95493769005353,19.4293994903564,0.4321761247180953,,,,,0.5162121942,,,,,,,,,,,,341477821.0,54.58929449,26.81767204,0.0005555555556,0.005631256977,CHIME-KKO,CHIME/FRB,yes,,,https://www.legacysurvey.org/viewer%20dr9%20photo%20z?ra=54.5892944872743&dec=26.8176720423103&layer=ls-dr9&zoom=15&sga-parent&photoz-dr9&targets-dr9-main-dark&targets-dr9-main-bright&targets-dr9-main-sec-dark&targets-dr9-main-sec-bright,Pan-STARRS 140170545876545920,Pan-STARRS 140170545844928816,54.58760125,26.81284828,0.911080581485557,0.17583069,0.1384428074924542,0.2132185725075458,54.58445839,26.81530353,0.0037750392513322,-1.0,-1.0,-1.0,-1.0,20.7656002044677,-,GN-2024A-3,35.13,3.53,10.83,1.15,169.42
104,,,222.0,0.0644,65.92814648713247,97.62374667675148,,,,,,,-22.032804066863193,,,29.8287,0.0005581790123456,32.003043283128434,53.95356021366075,99.78832816911952,15.397451,0.051133918000152,,,,,9.486635972,,,,,,,,,,,,342256558.0,207.9990337,48.11599668,0.0005555555556,0.007262190243,CHIME-KKO,CHIME/FRB,yes,,Repeater of FRB 20190303A associated with a galaxy merger,https://www.legacysurvey.org/viewer%20dr9%20photo%20z?ra=207.999033710675&dec=48.11599668345&layer=ls-dr9&zoom=15&sga-parent&photoz-dr9&targets-dr9-main-dark&targets-dr9-main-bright&targets-dr9-main-sec-dark&targets-dr9-main-sec-bright,DECaL 9907737081938383,DECaL 9907737081938344,207.99940291617,48.120566174051,0.976179363187878,0.0489961393177509,0.0299281626939773,0.0680641159415245,207.996492040892,48.1247489898779,0.0186740383472166,0.0721807107329368,0.0482528377324342,0.0961085837334394,0.0,15.903781,$-^\dagger$,Lick-2024A-1,4.66,0.55,25.53,2.71,220.96
105,,,457.7516785,0.0659,27.481898130724726,161.0581636545957,,,,,,,-21.53578533218407,,,59.1359,0.0023827160493827,31.3314263503122,55.2298008580644,292.76156421017305,16.117691,0.222089096411383,,,,,11.32807125,,,,,,,,,,,,342760050.0,112.4428447,56.25627381,0.0005555555556,0.007695738694,CHIME-KKO,CHIME/FRB,yes,,,https://www.legacysurvey.org/viewer%20dr9%20photo%20z?ra=112.442844732263&dec=56.256273806065&layer=ls-dr9&zoom=15&sga-parent&photoz-dr9&targets-dr9-main-dark&targets-dr9-main-bright&targets-dr9-main-sec-dark&targets-dr9-main-sec-bright,DECaL 9907738985038273,DECaL 9907738985038298,112.443122504929,56.2532448346757,0.989185886850516,0.0625003799796104,0.0274832807481288,0.097517479211092,112.445914654703,56.2632887189811,0.0016010579098779,0.5246831178665161,0.1998302638530731,0.8495359718799591,0.0,22.473612,$<5\times10^{28}$,2000AJ....120.2338R,9.88,1.13,179.43,18.23,457.67
106,,,179.5421753,0.1059,32.08016162404433,52.31072014041496,,,,,,,-22.114896619026126,,,47.8659,0.0019637345679012,45.91327926465718,89.58232369955014,-3.453592245417604,16.498093,0.0928362070196331,,,,,9.717681959,,,,,,,,,,,,347082860.0,259.5446492,29.49793687,0.0005555555556,0.003148474211,CHIME-KKO,CHIME/FRB,yes,,,https://www.legacysurvey.org/viewer%20dr9%20photo%20z?ra=259.544649177547&dec=29.4979368707501&layer=ls-dr9&zoom=15&sga-parent&photoz-dr9&targets-dr9-main-dark&targets-dr9-main-bright&targets-dr9-main-sec-dark&targets-dr9-main-sec-bright,DECaL 10995634357144446,DECaL 10995634357144422,259.544431723936,29.4958476959468,0.953419550835349,0.12347412109375,0.0928027629852294,0.1541454792022705,259.543150414502,29.4950802406685,0.0175593651773831,0.109989196062088,0.0,0.5496277511119843,-99.0,20.005682,$<2\times10^{29}$,Lick-2024A-1,68.07,6.81,287.17,28.75,165.77
107,,,198.54776,0.019,-26.443351613340827,135.34490734266618,,,,,,,-20.52594941777828,,,58.1803,0.0024791666666666,32.7525520611222,15.73497661209848,90.16676283295322,14.27,0.1385531974313975,,,,,10.05299881,,,,,,,,,,,,348285021.0,26.46782524,35.11291775,0.0005555555556,0.003174812364,CHIME-KKO,CHIME/FRB,yes,,,https://www.legacysurvey.org/viewer%20dr9%20photo%20z?ra=26.4678252438447&dec=35.1129177472066&layer=ls-dr9&zoom=15&sga-parent&photoz-dr9&targets-dr9-main-dark&targets-dr9-main-bright&targets-dr9-main-sec-dark&targets-dr9-main-sec-bright,Pan-STARRS 150130264673598907,Pan-STARRS 150120264654942911,26.466055,35.110907,0.998037520578779,-1.0,-1.0,-1.0,26.46531873,35.10182849,0.0011659237137412,-1.0,-1.0,-1.0,-1.0,21.0125999450683,$<8\times10^{26}$,2022ApJS..261...21Y,211.23,21.13,95.47,9.58,-
108,,,131.4216309,0.02981,-25.23869054921793,195.8701533747036,,,,,,,-21.17818173754894,,,61.5756,0.0026126543209876,31.60284202038565,24.75735905132779,13.09545433457293,14.64703,0.172420152571468,,,,,6.56793619,,,,,,,,,,,,348537586.0,72.79761078,2.393975025,0.0005555555556,0.02864686397,CHIME-KKO,CHIME/FRB,yes,,,https://www.legacysurvey.org/viewer%20dr9%20photo%20z?ra=72.797610777701&dec=2.39397502476019&layer=ls-dr9&zoom=15&sga-parent&photoz-dr9&targets-dr9-main-dark&targets-dr9-main-bright&targets-dr9-main-sec-dark&targets-dr9-main-sec-bright,DECaL 10995476588397444,DECaL 10995478098347116,72.7891224909596,2.36805977005938,0.917597016837521,0.023856327,0.01268939,0.069874525,72.8019089334843,2.43334428181595,0.013202522923754,0.2756846,0.16290918,0.44867322,-99.0,20.833185,$<9\times10^{27}$,2003AJ....126.2152R,6.59,1.05,37.1,4.37,-
